,,,,,,03 Sales: Item Summary,,,,,,,,,,Report Date:,,20/02/2018
,,,,,,,,,,,,,,,,Report Time:,,15:40 
,,,,,,,,,,,,,,,,,,
03 Sales: Item Summary,,,,,,,,,,,,,,,,,,
DCS Code,D,C,S,Description1,,,,ALU,UPC,,Qty Sold,Disc %,,Disc Amt,,Ext P$,,Ext P$T$
Subsidiary: ,NARS,,,,,,,,,,,,,,,,,
N01LIPL/G,N01,LIP,L/G,LIPGLOSS HOT SAND LE SP16,,,,5613,607845056133,,1,0.00,,0.00,,90.57,,96.00
N05SETL/E,N05,SET,L/E,REDUX MINI MPL SET SU17 LE,,,,8436,607845084365,,2,0.00,,0.00,,301.89,,320.00
N01EYEE/S,N01,EYE,E/S,E/S VELVET STK CORFU,,,,8267,607845082675,,12,0.00,,0.00,,"1,267.92",,"1,344.00"
N01EYEE/S,N01,EYE,E/S,E/S VELVET STK DARK ANGEL,,,,8269,607845082699,,4,0.00,,0.00,,422.64,,448.00
N01EYEE/S,N01,EYE,E/S,E/S VELVET STK NEPAL,,,,8270,607845082705,,11,0.00,,0.00,,"1,162.26",,"1,232.00"
N01COMPWR,N01,COM,PWR,LIGHT REFLECT SET PRESSED NEW,,,,1412,607845014126,,412,0.00,,0.00,,"58,301.89",,"61,800.00"
N02SKIE/C,N02,SKI,E/C,TTL REPLENISHING EYE CRM JAR,,,,4825,607845048251,,37,3.57,,65.00,,"9,014.15",,"9,555.00"
N01EYEE/L,N01,EYE,E/L,E/L VLVT DARKLIGHT,,,,8184,607845081845,,4,0.00,,0.00,,339.62,,360.00
N01EYEE/L,N01,EYE,E/L,E/L VLVT LAS POZAS,,,,8183,607845081838,,6,0.00,,0.00,,509.43,,540.00
N01EYEE/L,N01,EYE,E/L,E/L VLVT LAST FRONTIER,,,,8182,607845081821,,8,0.00,,0.00,,679.25,,720.00
N01EYEE/L,N01,EYE,E/L,E/L VLVT LONDON,,,,8179,607845081791,,2,0.00,,0.00,,169.81,,180.00
N01EYEE/L,N01,EYE,E/L,E/L VLVT KALISTE,,,,8178,607845081784,,2,0.00,,0.00,,169.81,,180.00
N01EYEE/L,N01,EYE,E/L,E/L VLVT MAMBO,,,,8176,607845081760,,6,0.00,,0.00,,509.43,,540.00
N01EYEE/L,N01,EYE,E/L,E/L VLVT BLACK MOON,,,,8175,607845081753,,9,0.00,,0.00,,764.15,,810.00
N01EYEMAS,N01,EYE,MAS,AUDACIOUS MASCARA MINERVE LE,,,,7014,607845070146,,3,0.00,,0.00,,311.32,,330.00
N01EYEMAS,N01,EYE,MAS,AUDACIOUS MASCARA MAMBO LE,,,,7015,607845070153,,4,0.00,,0.00,,415.09,,440.00
N01EYEMAS,N01,EYE,MAS,AUDACIOUS MASCARA PARK CITY LE,,,,7016,607845070160,,3,0.00,,0.00,,311.32,,330.00
N01LIPL/S,N01,LIP,L/S,L/S AUD DAYLE,,,,2827,607845028277,,4,0.00,,0.00,,415.09,,440.00
N01LIPL/S,N01,LIP,L/S,L/S AUD VIBEKE LE,,,,2828,607845028284,,21,0.00,,0.00,,"2,179.25",,"2,310.00"
N01LIPL/S,N01,LIP,L/S,L/S AUD LOUISE,,,,2830,607845028307,,55,0.00,,0.00,,"5,707.55",,"6,050.00"
N01LIPL/S,N01,LIP,L/S,L/S AUD KIRAT,,,,2831,607845028314,,1,0.00,,0.00,,103.77,,110.00
N01LIPL/S,N01,LIP,L/S,L/S AUD AYA LE,,,,2832,607845028321,,1,0.00,,0.00,,103.77,,110.00
N01CHKBLS,N01,CHK,BLS,BLUSH BLISSFUL,,,,4067,607845040675,,3,0.00,,0.00,,359.43,,381.00
N01EYEE/S,N01,EYE,E/S,E/S DI TITANIA LE,,,,1949,607845019497,,1,0.00,,0.00,,105.66,,112.00
N03OTHACC,N03,OTH,ACC,AQUA GLOW CUSH FDT COMPCT CASE,,,,2393,607845023937,,190,0.94,,22.50,,"8,044.81",,"8,527.50"
N01COMCSH,N01,COM,CSH,AQUA GLOW CUSH FDT NAMSAN,,,,6800,607845068006,,32,0.00,,0.00,,"4,377.36",,"4,640.00"
N01COMCSH,N01,COM,CSH,AQUA GLOW CUSH FDT SOWOL,,,,6802,607845068020,,43,0.00,,0.00,,"5,882.08",,"6,235.00"
N01COMCSH,N01,COM,CSH,AQUA GLOW CUSH FDT FINLAND,,,,6801,607845068013,,70,1.47,,36.25,,"9,541.27",,"10,113.75"
N01COMCSH,N01,COM,CSH,AQUA GLOW CUSH FDT ALASKA,,,,6803,607845068037,,53,0.00,,0.00,,"7,250.00",,"7,685.00"
N01COMCSH,N01,COM,CSH,AQUA GLOW CUSH FDT GROENLAND,,,,6804,607845068044,,20,0.00,,0.00,,"2,735.85",,"2,900.00"
N01COMCSH,N01,COM,CSH,AQUA GLOW CUSH FDT MORITZ,,,,6805,607845068051,,18,2.50,,36.25,,"2,428.07",,"2,573.75"
N01LIPL/L,N01,LIP,L/L,PRECISION L/L CAMARGUE,,,,9070,607845090700,,3,0.00,,0.00,,257.55,,273.00
N01LIPL/L,N01,LIP,L/L,PRECISION L/L HALONG BAY,,,,9071,607845090717,,3,0.00,,0.00,,257.55,,273.00
N01LIPL/L,N01,LIP,L/L,PRECISION L/L VENCE,,,,9072,607845090724,,3,0.00,,0.00,,257.55,,273.00
N01LIPL/L,N01,LIP,L/L,PRECISION L/L LERINS,,,,9073,607845090731,,4,0.00,,0.00,,343.40,,364.00
N01LIPL/L,N01,LIP,L/L,PRECISION L/L CAP DAIL,,,,9075,607845090755,,19,0.00,,0.00,,"1,631.13",,"1,729.00"
N01LIPL/L,N01,LIP,L/L,PRECISION L/L SAINT RAPHAEL,,,,9076,607845090762,,1,0.00,,0.00,,85.85,,91.00
N01LIPL/L,N01,LIP,L/L,PRECISION L/L JUAN LES PINS,,,,9077,607845090779,,1,0.00,,0.00,,85.85,,91.00
N01LIPL/L,N01,LIP,L/L,PRECISION L/L HOLY RED,,,,9078,607845090786,,1,0.00,,0.00,,85.85,,91.00
N01LIPL/L,N01,LIP,L/L,PRECISION L/L PORQUEROLLES,,,,9079,607845090793,,7,0.00,,0.00,,600.94,,637.00
N01LIPL/L,N01,LIP,L/L,PRECISION L/L MARIACHI,,,,9081,607845090816,,17,0.00,,0.00,,"1,459.43",,"1,547.00"
N01LIPL/L,N01,LIP,L/L,PRECISION L/L MOUGINS,,,,9082,607845090823,,11,0.00,,0.00,,944.34,,"1,001.00"
N01LIPL/L,N01,LIP,L/L,PRECISION L/L ARLES,,,,9083,607845090830,,3,0.00,,0.00,,257.55,,273.00
N01LIPL/L,N01,LIP,L/L,PRECISION L/L MENTON,,,,9084,607845090847,,1,0.00,,0.00,,85.85,,91.00
N01LIPL/L,N01,LIP,L/L,PRECISION L/L GRASSE,,,,9085,607845090854,,1,0.00,,0.00,,85.85,,91.00
N01LIPL/L,N01,LIP,L/L,PRECISION L/L SAINTE MAXIME,,,,9086,607845090861,,5,0.00,,0.00,,429.25,,455.00
N01LIPL/L,N01,LIP,L/L,PRECISION L/L PORT GRIMAUD,,,,9087,607845090878,,3,0.00,,0.00,,257.55,,273.00
N01LIPL/L,N01,LIP,L/L,PRECISION L/L GORDES,,,,9088,607845090885,,4,0.00,,0.00,,343.40,,364.00
N01LIPL/L,N01,LIP,L/L,PRECISION L/L ROUGE MAROCAIN,,,,9089,607845090892,,2,0.00,,0.00,,171.70,,182.00
N01LIPL/L,N01,LIP,L/L,PRECISION L/L RIDE IT,,,,9090,607845090908,,8,0.00,,0.00,,686.79,,728.00
N01LIPL/L,N01,LIP,L/L,PRECISION L/L MARNIE,,,,9091,607845090915,,1,0.00,,0.00,,85.85,,91.00
N01LIPL/L,N01,LIP,L/L,PRECISION L/L LE LAVANDOU,,,,9092,607845090922,,4,0.00,,0.00,,343.40,,364.00
N01LIPL/L,N01,LIP,L/L,PRECISION L/L CASSIS,,,,9093,607845090939,,1,0.00,,0.00,,85.85,,91.00
N01LIPL/L,N01,LIP,L/L,PRECISION L/L STAR ROCKIN,,,,9094,607845090946,,1,0.00,,0.00,,85.85,,91.00
N01LIPPIG,N01,LIP,PIG,PMLP SLOW RIDE,,,,2760,607845027607,,13,1.92,,24.25,,"1,166.75",,"1,236.75"
N01LIPPIG,N01,LIP,PIG,PMLP LONDON CALLING,,,,2761,607845027614,,10,0.00,,0.00,,915.09,,970.00
N01LIPPIG,N01,LIP,PIG,PMLP WALK THIS WAY,,,,2762,607845027621,,77,0.00,,0.00,,"7,046.23",,"7,469.00"
N01LIPPIG,N01,LIP,PIG,PMLP UNDER MY THUMB,,,,2763,607845027638,,129,0.00,,0.00,,"11,804.72",,"12,513.00"
N01LIPPIG,N01,LIP,PIG,PMLP GET IT ON,,,,2764,607845027645,,68,0.00,,0.00,,"6,222.64",,"6,596.00"
N01LIPPIG,N01,LIP,PIG,PMLP WARM LEATHERETTE,,,,2765,607845027652,,27,0.00,,0.00,,"2,470.75",,"2,619.00"
N01LIPPIG,N01,LIP,PIG,PMLP SAVE THE QUEEN,,,,2766,607845027669,,126,0.00,,0.00,,"11,530.19",,"12,222.00"
N01LIPPIG,N01,LIP,PIG,PMLP LOW RIDER,,,,2767,607845027676,,51,0.00,,0.00,,"4,666.98",,"4,947.00"
N01LIPPIG,N01,LIP,PIG,PMLP GIVE IT UP,,,,2768,607845027683,,19,0.00,,0.00,,"1,738.68",,"1,843.00"
N01LIPPIG,N01,LIP,PIG,PMLP GET UP STAND UP,,,,2769,607845027690,,36,0.00,,0.00,,"3,294.34",,"3,492.00"
N01LIPPIG,N01,LIP,PIG,PMLP LIGHT MY FIRE,,,,2770,607845027706,,68,0.00,,0.00,,"6,222.64",,"6,596.00"
N01LIPPIG,N01,LIP,PIG,PMLP DON'T STOP,,,,2771,607845027713,,132,0.00,,0.00,,"12,079.24",,"12,804.00"
N01LIPPIG,N01,LIP,PIG,PMLP AMERICAN WOMAN,,,,2772,607845027720,,70,0.00,,0.00,,"6,405.66",,"6,790.00"
N01LIPPIG,N01,LIP,PIG,PMLP STARWOMAN,,,,2773,607845027737,,40,2.78,,24.25,,"3,637.50",,"3,855.75"
N01LIPPIG,N01,LIP,PIG,PMLP ROCK WITH YOU,,,,2774,607845027744,,20,0.00,,0.00,,"1,830.19",,"1,940.00"
N01LIPPIG,N01,LIP,PIG,PMLP DONE IT AGAIN,,,,2775,607845027751,,1,0.00,,0.00,,91.51,,97.00
N01LIPPIG,N01,LIP,PIG,PMLP PAINT IT BLACK,,,,2776,607845027768,,1,0.00,,0.00,,91.51,,97.00
N01LIPPIG,N01,LIP,PIG,PMLP WILD NIGHT,,,,2777,607845027775,,4,0.00,,0.00,,366.04,,388.00
N01LIPPIG,N01,LIP,PIG,PMLP JUST WHAT I NEEDED,,,,2778,607845027782,,144,2.50,,48.50,,"13,131.60",,"13,919.50"
N01LIPPIG,N01,LIP,PIG,PMLP JUST PUSH PLAY,,,,2782,607845027829,,251,0.24,,24.25,,"22,945.99",,"24,322.75"
N05SETL/E,N05,SET,L/E,FA15 NRST HARDWIRE EYE KIT,,,,8309,607845083092,,4,0.00,,0.00,,886.79,,940.00
N01EYEMAS,N01,EYE,MAS,AUDACIOUS MASCARA BLACK MOON,,,,7007,607845070078,,64,3.33,,22.00,,"6,620.75",,"7,018.00"
N01COMVFS,N01,COM,VFS,VM FDT STICK SIBERIA,,,,6539,607845065395,,2,0.00,,0.00,,330.19,,350.00
N01COMVFS,N01,COM,VFS,VM FDT STICK MONT BLANC,,,,6540,607845065401,,9,0.00,,0.00,,"1,485.85",,"1,575.00"
N01COMVFS,N01,COM,VFS,VM FDT STICK GOBI,,,,6541,607845065418,,7,0.00,,0.00,,"1,155.66",,"1,225.00"
N01COMVFS,N01,COM,VFS,VM FDT STICK DEAUVILLE,,,,6542,607845065425,,17,0.00,,0.00,,"2,806.60",,"2,975.00"
N01COMVFS,N01,COM,VFS,VM FDT STICK FIJI,,,,6543,607845065432,,16,0.00,,0.00,,"2,641.51",,"2,800.00"
N01COMVFS,N01,COM,VFS,VM FDT STICK CEYLAN,,,,6544,607845065449,,13,0.00,,0.00,,"2,146.23",,"2,275.00"
N01COMVFS,N01,COM,VFS,VM FDT STICK PUNJAB,,,,6545,607845065456,,23,0.00,,0.00,,"3,797.17",,"4,025.00"
N01COMVFS,N01,COM,VFS,VM FDT STICK VALLAURIS,,,,6546,607845065463,,10,0.00,,0.00,,"1,650.94",,"1,750.00"
N01COMVFS,N01,COM,VFS,VM FDT STICK SANTA FE,,,,6547,607845065470,,12,0.00,,0.00,,"1,981.13",,"2,100.00"
N01COMVFS,N01,COM,VFS,VM FDT STICK STROMBOLI,,,,6548,607845065487,,10,0.00,,0.00,,"1,650.94",,"1,750.00"
N01COMVFS,N01,COM,VFS,VM FDT STICK BARCELONA,,,,6549,607845065494,,18,0.00,,0.00,,"2,971.70",,"3,150.00"
N01COMVFS,N01,COM,VFS,VM FDT STICK SYRACUSE,,,,6550,607845065500,,28,0.00,,0.00,,"4,622.64",,"4,900.00"
N01COMVFS,N01,COM,VFS,VM FDT STICK TAHOE,,,,6551,607845065517,,15,0.00,,0.00,,"2,476.42",,"2,625.00"
N01COMVFS,N01,COM,VFS,VM FDT STICK CADIZ,,,,6552,607845065524,,7,0.00,,0.00,,"1,155.66",,"1,225.00"
N01COMVFS,N01,COM,VFS,VM FDT STICK MACAO,,,,6553,607845065531,,11,0.00,,0.00,,"1,816.04",,"1,925.00"
N01COMVFS,N01,COM,VFS,VM FDT STICK NEW GUINEA,,,,6554,607845065548,,3,0.00,,0.00,,495.28,,525.00
N01COMVFS,N01,COM,VFS,VM FDT STICK TRINIDAD,,,,6555,607845065555,,1,0.00,,0.00,,165.09,,175.00
N01COMVFS,N01,COM,VFS,VM FDT STICK NEW ORLEANS,,,,6556,607845065562,,1,0.00,,0.00,,165.09,,175.00
N01COMVFS,N01,COM,VFS,VM FDT STICK BENARES,,,,6557,607845065579,,1,0.00,,0.00,,165.09,,175.00
N03OTHACC,N03,OTH,ACC,VM FDT STICK TOUCH-UP SPONGE,,,,6561,607845065616,,4,0.00,,0.00,,79.25,,84.00
N02SKIRMV,N02,SKI,RMV,AQUA-INFUSED M/U REMOVNG WATER,,,,4837,607845048374,,24,0.00,,0.00,,"3,011.32",,"3,192.00"
N03OTHACC,N03,OTH,ACC,AQUA GLOW CUSH FDT SPONGE,,,,6807,607845068075,,3,0.00,,0.00,,59.43,,63.00
N01EYEE/S,N01,EYE,E/S,E/S VELVET STK GLENAN,,,,8261,607845082613,,2,0.00,,0.00,,211.32,,224.00
N01EYEE/S,N01,EYE,E/S,E/S VELVET STK FLIBUSTE,,,,8260,607845082606,,1,0.00,,0.00,,105.66,,112.00
N01EYEE/S,N01,EYE,E/S,E/S VELVET STK SUKHOTHAI,,,,8259,607845082590,,6,0.00,,0.00,,633.96,,672.00
N01EYEE/S,N01,EYE,E/S,E/S VELVET STK OAXACA,,,,8258,607845082583,,7,0.00,,0.00,,739.62,,784.00
N01EYEE/S,N01,EYE,E/S,E/S VELVET STK AIGL NOIR,,,,8257,607845082576,,2,0.00,,0.00,,211.32,,224.00
N01EYEE/S,N01,EYE,E/S,E/S VELVET STK GODDESS,,,,8256,607845082569,,16,0.00,,0.00,,"1,690.57",,"1,792.00"
N01EYEE/S,N01,EYE,E/S,E/S VELVET STK HLLYWDLND,,,,8255,607845082552,,8,0.00,,0.00,,845.28,,896.00
N01EYEE/S,N01,EYE,E/S,E/S INTENSITY PASIPHAE,,,,1938,607845019381,,9,0.00,,0.00,,950.94,,"1,008.00"
N01EYEE/S,N01,EYE,E/S,E/S INTENSITY TELESTO,,,,1937,607845019374,,2,0.00,,0.00,,211.32,,224.00
N01LIPL/G,N01,LIP,L/G,L/G CHELSEA GIRLS,,,,1695,607845016953,,1,0.00,,0.00,,90.57,,96.00
N01M/UMPL,N01,M/U,MPL,THE MULTIPLE 413BLKR,,,,1525,607845015253,,1,0.00,,0.00,,144.34,,153.00
N01EYEE/S,N01,EYE,E/S,HO17 E/S DUO DEBAUCHED,,,,3911,607845039112,,2,0.00,,0.00,,245.28,,260.00
N01EYEE/S,N01,EYE,E/S,HO17 E/S DUO MONTPARNASSE,,,,3912,607845039129,,3,0.00,,0.00,,367.92,,390.00
N01EYEE/L,N01,EYE,E/L,HO17 VELVET E/L NAGOYA,,,,8185,607845081852,,1,0.00,,0.00,,84.91,,90.00
N01EYEE/L,N01,EYE,E/L,HO17 VELVET E/L SANTIAGO,,,,8186,607845081869,,3,0.00,,0.00,,254.72,,270.00
N01LIPLAC,N01,LIP,LAC,HO17 PG L/LACQUER OFF LIMIT,,,,5686,607845056867,,5,0.00,,0.00,,457.55,,485.00
N01LIPLAC,N01,LIP,LAC,HO17 PG L/LACQUER ZAMBEZE,,,,5687,607845056874,,6,0.00,,0.00,,549.06,,582.00
N01LIPLAC,N01,LIP,LAC,HO17 PG L/LACQUER KIKI,,,,5688,607845056881,,2,0.00,,0.00,,183.02,,194.00
N01LIPLAC,N01,LIP,LAC,HO17 PG L/LACQUER MUSE,,,,5689,607845056898,,2,0.00,,0.00,,183.02,,194.00
N01CHKBLS,N01,CHK,BLS,HO17 BLUSH INTENSELY,,,,4048,607845040484,,3,0.00,,0.00,,359.43,,381.00
N01CHKBLS,N01,CHK,BLS,HO17 BLUSH 4049,,,,4049,607845040491,,4,0.00,,0.00,,479.25,,508.00
N01LIPL/S,N01,LIP,L/S,L/S AUD ANITA LE,,,,2833,607845028338,,207,3.95,,82.50,,"21,403.30",,"22,687.50"
N05SETL/E,N05,SET,L/E,HO17 LOVE TRI 4016N,,,,8457,607845084570,,6,0.00,,0.00,,481.13,,510.00
N05SETL/E,N05,SET,L/E,HO17 THE VEIL CHEEK PALETTE,,,,8362,607845083627,,89,0.00,,0.00,,"16,372.64",,"17,355.00"
N05SETL/E,N05,SET,L/E,HO17 GLASS TEARS E/S PALETTE,,,,8360,607845083603,,44,0.00,,0.00,,"8,094.34",,"8,580.00"
N05SETL/E,N05,SET,L/E,HO17 L/AMOUREUX AUD L/S COFRET,,,,8459,607845084594,,6,0.00,,0.00,,"1,103.77",,"1,170.00"
N05SETL/E,N05,SET,L/E,HO17 NR/ET BLAN AUD L/S COFRET,,,,8460,607845084600,,4,0.00,,0.00,,735.85,,780.00
N05SETL/E,N05,SET,L/E,HO17 LOVE TRI 4013N,,,,8456,607845084563,,44,0.00,,0.00,,"3,528.30",,"3,740.00"
N05SETL/E,N05,SET,L/E,HO17 LOVE TRI DOLCE VITA,,,,8463,607845084631,,7,0.00,,0.00,,561.32,,595.00
N05SETL/E,N05,SET,L/E,HO17 LOVE TRI IMPASSIONED,,,,8464,607845084648,,17,0.00,,0.00,,"1,363.21",,"1,445.00"
N05SETL/E,N05,SET,L/E,NARSISSIST LIP SET LE,,,,8356,607845083566,,366,0.00,,0.00,,"79,415.09",,"84,180.00"
N01EYEBRO,N01,EYE,BRO,BROW CREAM DANAKIL,,,,1173,607845011736,,2,0.00,,0.00,,169.81,,180.00
N01EYEBRO,N01,EYE,BRO,BROW CREAM TANAMI,,,,1172,607845011729,,9,4.17,,22.50,,742.92,,787.50
N01LIPL/S,N01,LIP,L/S,L/S AUD APOLINE,,,,9493,607845094937,,62,0.00,,0.00,,"6,433.96",,"6,820.00"
N01LIPL/S,N01,LIP,L/S,L/S AUD MONA,,,,9497,607845094975,,44,0.00,,0.00,,"4,566.04",,"4,840.00"
N01LIPL/S,N01,LIP,L/S,L/S AUD KATE,,,,9496,607845094968,,2,0.00,,0.00,,207.55,,220.00
N01LIPL/S,N01,LIP,L/S,L/S AUD STEFANIA,,,,9495,607845094951,,3,0.00,,0.00,,311.32,,330.00
N01LIPL/S,N01,LIP,L/S,L/S AUD SHIRLEY,,,,9494,607845094944,,45,0.00,,0.00,,"4,669.81",,"4,950.00"
N05SETL/E,N05,SET,L/E,RETEX15 ULTIMATE NARS LIPSET,,,,3875,607845038757,,2,0.00,,0.00,,349.06,,370.00
N05SETL/E,N05,SET,L/E,BASIC FACE SET,,,,3882,607845038825,,5,0.00,,0.00,,872.64,,925.00
N05SETL/E,N05,SET,L/E,BASIC CLEANSE SET,,,,3878,607845038788,,2,0.00,,0.00,,349.06,,370.00
N01CHKBLS,N01,CHK,BLS,BLUSH L.E. STARSCAPE,,,,4056,607845040569,,6,0.00,,0.00,,718.87,,762.00
N06SETL/E,N06,SET,L/E,SP15 CHK LIP PLT NRSST,,,,8307,607845083078,,2,0.00,,0.00,,420.75,,446.00
N01CHKBLS,N01,CHK,BLS,DUAL INT BLUSH FRENZY,,,,5505,607845055051,,9,0.00,,0.00,,"1,485.85",,"1,575.00"
N01CHKBLS,N01,CHK,BLS,DUAL INT BLUSH CRAVING,,,,5504,607845055044,,9,0.00,,0.00,,"1,485.85",,"1,575.00"
N01CHKBLS,N01,CHK,BLS,DUAL INT BLUSH ADORATION,,,,5503,607845055037,,20,0.00,,0.00,,"3,301.89",,"3,500.00"
N01CHKBLS,N01,CHK,BLS,DUAL INT BLUSH JUBILATION,,,,5502,607845055020,,16,0.00,,0.00,,"2,641.51",,"2,800.00"
N01CHKBLS,N01,CHK,BLS,DUAL INT BLUSH PANIC,,,,5501,607845055013,,11,0.00,,0.00,,"1,816.04",,"1,925.00"
N01CHKBLS,N01,CHK,BLS,DUAL INT BLUSH FERVOR,,,,5500,607845055006,,9,0.00,,0.00,,"1,485.85",,"1,575.00"
N03BRSBLS,N03,BRS,BLS,SU15 WET/DRY BLUSH BRUSH23,,,,1863,607845018636,,3,0.00,,0.00,,523.58,,555.00
N01COMPWR,N01,COM,PWR,LOOSE POWDER SV VALLEY,,,,1427,607845014270,,1,0.00,,0.00,,141.51,,150.00
N01COMPWR,N01,COM,PWR,LOOSE POWDER SV MOUNTAIN,,,,1425,607845014256,,8,0.00,,0.00,,"1,132.08",,"1,200.00"
N01COMPWR,N01,COM,PWR,LOOSE POWDER SV HEAT,,,,1426,607845014263,,2,0.00,,0.00,,283.02,,300.00
N01COMPWR,N01,COM,PWR,LOOSE POWDER SV FLESH,,,,1421,607845014218,,18,0.00,,0.00,,"2,547.17",,"2,700.00"
N01COMPWR,N01,COM,PWR,LOOSE POWDER SV EDEN,,,,1423,607845014232,,35,0.00,,0.00,,"4,952.83",,"5,250.00"
N01COMPWR,N01,COM,PWR,LOOSE POWDER SV DESERT,,,,1422,607845014225,,6,0.00,,0.00,,849.06,,900.00
N01COMPWR,N01,COM,PWR,LOOSE POWDER SV BEACH,,,,1424,607845014249,,44,1.14,,37.50,,"6,191.04",,"6,562.50"
N01COMFDN,N01,COM,FDN,FOUNDATION ADLW VALLAURIS,,,,6438,607845064381,,12,0.00,,0.00,,"2,150.94",,"2,280.00"
N01COMFDN,N01,COM,FDN,FOUNDATION ADLW TAHOE,,,,6443,607845064435,,34,14.55,,608.00,,"5,520.75",,"5,852.00"
N01COMFDN,N01,COM,FDN,FOUNDATION ADLW SYRACUSE,,,,6442,607845064428,,30,0.00,,0.00,,"5,377.36",,"5,700.00"
N01COMFDN,N01,COM,FDN,FOUNDATION ADLW STROMBOLI,,,,6440,607845064404,,31,0.00,,0.00,,"5,556.60",,"5,890.00"
N01COMFDN,N01,COM,FDN,FOUNDATION ADLW SIBERIA,,,,6431,607845064312,,21,20.00,,608.00,,"3,190.57",,"3,382.00"
N01COMFDN,N01,COM,FDN,FOUNDATION ADLW SANTA FE,,,,6439,607845064398,,28,0.00,,0.00,,"5,018.87",,"5,320.00"
N01COMFDN,N01,COM,FDN,FOUNDATION ADLW PUNJAB,,,,6437,607845064374,,114,10.67,,608.00,,"19,860.38",,"21,052.00"
N01COMFDN,N01,COM,FDN,FOUNDATION ADLW NEW GUINEA,,,,6446,607845064466,,3,0.00,,0.00,,537.74,,570.00
N01COMFDN,N01,COM,FDN,FOUNDATION ADLW MONT BLANC,,,,6432,607845064329,,14,0.00,,0.00,,"2,509.43",,"2,660.00"
N01COMFDN,N01,COM,FDN,FOUNDATION ADLW MACAO,,,,6445,607845064459,,8,0.00,,0.00,,"1,433.96",,"1,520.00"
N01COMFDN,N01,COM,FDN,FOUNDATION ADLW KHARTOUM,,,,6450,607845064503,,1,0.00,,0.00,,179.25,,190.00
N01COMFDN,N01,COM,FDN,FOUNDATION ADLW GOBI,,,,6433,607845064336,,30,0.00,,0.00,,"5,377.36",,"5,700.00"
N01COMFDN,N01,COM,FDN,FOUNDATION ADLW FIJI,,,,6435,607845064350,,57,0.00,,0.00,,"10,216.98",,"10,830.00"
N01COMFDN,N01,COM,FDN,FOUNDATION ADLW DEAUVILLE,,,,6434,607845064343,,38,0.00,,0.00,,"6,811.32",,"7,220.00"
N01COMFDN,N01,COM,FDN,FOUNDATION ADLW CEYLAN,,,,6436,607845064367,,47,0.00,,0.00,,"8,424.53",,"8,930.00"
N01COMFDN,N01,COM,FDN,FOUNDATION ADLW CADIZ,,,,6444,607845064442,,8,0.00,,0.00,,"1,433.96",,"1,520.00"
N01COMFDN,N01,COM,FDN,FOUNDATION ADLW BENARES,,,,6449,607845064479,,2,0.00,,0.00,,358.49,,380.00
N01COMFDN,N01,COM,FDN,FOUNDATION ADLW BARCELONA,,,,6441,607845064411,,72,0.00,,0.00,,"12,905.66",,"13,680.00"
N01CHKBLS,N01,CHK,BLS,BLUSH RECKLESS,,,,4055,607845040552,,7,4.17,,31.75,,808.73,,857.25
N01EYEE/S,N01,EYE,E/S,E/S DUO ST-PAUL-DE-VENCE,,,,3902,607845039020,,300,0.00,,0.00,,"36,792.45",,"39,000.00"
N05SETL/E,N05,SET,L/E,E/S PLT LE INOUB C DOEIL,,,,8316,607845083160,,2,0.00,,0.00,,283.02,,300.00
N01COMCON,N01,COM,CON,RDT CRM CONCEALER DARK COFFEE,,,,1271,607845012719,,1,0.00,,0.00,,108.49,,115.00
N01COMCON,N01,COM,CON,RDT CRM CONCEALER HAZELNUT,,,,1270,607845012702,,4,0.00,,0.00,,433.96,,460.00
N01COMCON,N01,COM,CON,RDT CRM CONCEALER CHESNUT,,,,1269,607845012696,,17,0.00,,0.00,,"1,844.34",,"1,955.00"
N01COMCON,N01,COM,CON,RDT CRM CONCEALER MACADAMIA,,,,1268,607845012689,,106,1.78,,57.50,,"11,445.76",,"12,132.50"
N01COMCON,N01,COM,CON,RDT CRM CONCEALER CANNELLE,,,,1267,607845012672,,119,1.04,,28.75,,"12,883.26",,"13,656.25"
N01COMCON,N01,COM,CON,RDT CRM CONCEALER CRÈME BRULEE,,,,1266,607845012665,,168,0.00,,0.00,,"18,226.42",,"19,320.00"
N01CHKBLS,N01,CHK,BLS,BLUSH CONTOUR TALIA,,,,5185,607845051855,,1,25.00,,41.25,,116.75,,123.75
N01CHKBLS,N01,CHK,BLS,BLUSH CONTOUR MELINA,,,,5184,607845051848,,2,0.00,,0.00,,311.32,,330.00
N01EYEE/S,N01,EYE,E/S,E/S INTENSITY ARCTURUS,,,,1948,607845019480,,3,0.00,,0.00,,316.98,,336.00
N01EYEE/S,N01,EYE,E/S,E/S INTENSITY RIGEL,,,,1947,607845019473,,19,0.00,,0.00,,"2,007.55",,"2,128.00"
N01EYEE/S,N01,EYE,E/S,E/S INTENSITY ANTARES,,,,1946,607845019466,,3,0.00,,0.00,,316.98,,336.00
N01LIPL/P,N01,LIP,L/P,L/P V/MATTE CONSUMING RED,,,,2480,607845024804,,59,0.00,,0.00,,"5,343.40",,"5,664.00"
N05SETL/E,N05,SET,L/E,NUDE SURVIVAL KIT SU16 LE,,,,8411,607845084112,,7,0.00,,0.00,,"1,584.91",,"1,680.00"
N05SETL/E,N05,SET,L/E,CORAL SURVIVAL KIT SU16 LE,,,,8412,607845084129,,5,0.00,,0.00,,"1,132.08",,"1,200.00"
N05SETL/E,N05,SET,L/E,413 BLKR PALETTE SU16 LE,,,,8417,607845084174,,5,0.00,,0.00,,"1,132.08",,"1,200.00"
N01EYEE/S,N01,EYE,E/S,E/S VELVET LE FLIBUSTE,,,,8250,607845082507,,1,0.00,,0.00,,105.66,,112.00
N01LIPL/S,N01,LIP,L/S,L/S DDLY CATCH,,,,9612,607845094821,,1,0.00,,0.00,,91.51,,97.00
N03OTHACC,N03,OTH,ACC,SETTING PWDR PUFF,,,,1837,607845018377,,26,0.00,,0.00,,515.09,,546.00
N03OTHACC,N03,OTH,ACC,FOUNDATION SPONGE GLOBAL,,,,6290,607845062905,,1,0.00,,0.00,,19.81,,21.00
N03OTHACC,N03,OTH,ACC,FOUNDATION POW LUM COMPACT,,,,6270,607845062707,,25,0.00,,0.00,,"1,179.25",,"1,250.00"
N02SKITRT,N02,SKI,TRT,NIGHT TREATMENT,,,,4812,607845048121,,11,20.00,,127.60,,"3,190.00",,"3,381.40"
N01EYEE/S,N01,EYE,E/S,E/S DUO QUAI DES BRUMES LE,,,,3905,607845039051,,1,0.00,,0.00,,122.64,,130.00
N05SETL/E,N05,SET,L/E,LOOK CLOSER PLT HO16 LE,,,,8332,607845083320,,4,0.00,,0.00,,716.98,,760.00
N05SETL/E,N05,SET,L/E,NON-FICTION PLT HO16 LE,,,,8418,607845084181,,24,0.00,,0.00,,"5,320.75",,"5,640.00"
N05SETL/E,N05,SET,L/E,THOUSAND WORLDS PLT HO16 LE,,,,8421,607845084211,,11,0.00,,0.00,,"1,867.92",,"1,980.00"
N05SETL/E,N05,SET,L/E,SHADOW SIDE PLT HO16 LE,,,,8422,607845084228,,3,0.00,,0.00,,438.68,,465.00
N01EYEBRO,N01,EYE,BRO,BROW CREAM SONORAN,,,,1170,607845011705,,1,0.00,,0.00,,84.91,,90.00
N01COMFDN,N01,COM,FDN,FOUNDATION POW LUM BARCELONA,,,,6281,607845062813,,4,0.00,,0.00,,528.30,,560.00
N01COMFDN,N01,COM,FDN,FOUNDATION POW LUM SANTA FE,,,,6279,607845062790,,11,0.00,,0.00,,"1,452.83",,"1,540.00"
N01COMFDN,N01,COM,FDN,FOUNDATION POW LUM FIJI,,,,6275,607845062752,,3,0.00,,0.00,,396.23,,420.00
N01COMFDN,N01,COM,FDN,FOUNDATION POW LUM DEAUVILLE,,,,6274,607845062745,,11,0.00,,0.00,,"1,452.83",,"1,540.00"
N01COMFDN,N01,COM,FDN,FOUNDATION LUM MONT BLANC,,,,6272,607845062721,,3,0.00,,0.00,,396.23,,420.00
N01LIPL/L,N01,LIP,L/L,L/L VELVET LANIKAI,,,,9042,607845090427,,1,0.00,,0.00,,85.85,,91.00
N01LIPL/L,N01,LIP,L/L,L/L VELVET EL AGUA,,,,9034,607845090342,,2,0.00,,0.00,,171.70,,182.00
N01LIPL/S,N01,LIP,L/S,L/S AUD EX INGRID,,,,9492,607845094920,,6,0.00,,0.00,,622.64,,660.00
N01LIPL/S,N01,LIP,L/S,L/S AUD EX SANDRA,,,,9491,607845094913,,8,0.00,,0.00,,830.19,,880.00
N01LIPL/S,N01,LIP,L/S,L/S AUD EX VIVIEN,,,,9490,607845094906,,9,0.00,,0.00,,933.96,,990.00
N01LIPL/S,N01,LIP,L/S,L/S AUD EX SILVIA,,,,9489,607845094890,,4,0.00,,0.00,,415.09,,440.00
N01LIPL/S,N01,LIP,L/S,L/S AUD EX DOMINIQUE,,,,9488,607845094883,,2,0.00,,0.00,,207.55,,220.00
N01LIPL/S,N01,LIP,L/S,L/S AUD EX CARMEN,,,,9487,607845094876,,28,0.00,,0.00,,"2,905.66",,"3,080.00"
N01LIPL/S,N01,LIP,L/S,L/S AUD EX KELLY,,,,9486,607845094869,,42,0.00,,0.00,,"4,358.49",,"4,620.00"
N01LIPL/S,N01,LIP,L/S,L/S AUD EX MARISA,,,,9485,607845094852,,5,0.00,,0.00,,518.87,,550.00
N01LIPL/S,N01,LIP,L/S,L/S AUD EX JULIE,,,,9484,607845094845,,17,0.00,,0.00,,"1,764.15",,"1,870.00"
N01LIPL/S,N01,LIP,L/S,L/S AUD EX VANESSA,,,,9483,607845094838,,14,0.00,,0.00,,"1,452.83",,"1,540.00"
N01LIPL/S,N01,LIP,L/S,L/S AUD LIV,,,,9479,607845094791,,3,25.00,,55.00,,259.43,,275.00
N01LIPL/S,N01,LIP,L/S,L/S AUD BETTE,,,,9478,607845094784,,31,0.00,,0.00,,"3,216.98",,"3,410.00"
N01LIPL/S,N01,LIP,L/S,L/S AUD DEBORAH,,,,9477,607845094777,,47,0.00,,0.00,,"4,877.36",,"5,170.00"
N01LIPL/S,N01,LIP,L/S,L/S AUD NATALIE,,,,9467,607845094678,,18,4.17,,27.50,,"1,841.98",,"1,952.50"
N01LIPL/S,N01,LIP,L/S,L/S AUD JULIETTE,,,,9466,607845094661,,37,0.00,,0.00,,"3,839.62",,"4,070.00"
N01LIPL/S,N01,LIP,L/S,L/S AUD CATHERINE,,,,9465,607845094654,,41,0.00,,0.00,,"4,254.72",,"4,510.00"
N01LIPL/S,N01,LIP,L/S,L/S AUD RAQUEL,,,,9464,607845094647,,13,0.00,,0.00,,"1,349.06",,"1,430.00"
N01LIPL/S,N01,LIP,L/S,L/S AUD BARBARA,,,,9463,607845094630,,21,0.00,,0.00,,"2,179.25",,"2,310.00"
N01LIPL/S,N01,LIP,L/S,L/S AUD BRIGITTE,,,,9462,607845094623,,94,0.00,,0.00,,"9,754.72",,"10,340.00"
N01LIPL/S,N01,LIP,L/S,L/S AUD JANE,,,,9461,607845094616,,15,0.00,,0.00,,"1,556.60",,"1,650.00"
N01LIPL/S,N01,LIP,L/S,L/S AUD ANITA,,,,9460,607845094609,,131,0.00,,0.00,,"13,594.34",,"14,410.00"
N01LIPL/S,N01,LIP,L/S,L/S AUD ANNA,,,,9459,607845094593,,22,0.00,,0.00,,"2,283.02",,"2,420.00"
N01LIPL/S,N01,LIP,L/S,L/S AUD AUDREY,,,,9458,607845094586,,36,0.00,,0.00,,"3,735.85",,"3,960.00"
N01LIPL/S,N01,LIP,L/S,L/S AUD CHARLOTTE,,,,9457,607845094579,,22,0.00,,0.00,,"2,283.02",,"2,420.00"
N01LIPL/S,N01,LIP,L/S,L/S AUD VERA,,,,9456,607845094562,,18,0.00,,0.00,,"1,867.92",,"1,980.00"
N01LIPL/S,N01,LIP,L/S,L/S AUD FANNY,,,,9455,607845094555,,4,0.00,,0.00,,415.09,,440.00
N01LIPL/S,N01,LIP,L/S,L/S AUD JANET,,,,9454,607845094548,,11,0.00,,0.00,,"1,141.51",,"1,210.00"
N01LIPL/S,N01,LIP,L/S,L/S AUD ANGELA,,,,9453,607845094531,,6,0.00,,0.00,,622.64,,660.00
N01LIPL/S,N01,LIP,L/S,L/S AUD GRETA,,,,9452,607845094524,,13,0.00,,0.00,,"1,349.06",,"1,430.00"
N01LIPL/S,N01,LIP,L/S,L/S AUD MICHIYO,,,,9451,607845094517,,1,0.00,,0.00,,103.77,,110.00
N01LIPL/S,N01,LIP,L/S,L/S AUD CLAUDIA,,,,9450,607845094500,,8,0.00,,0.00,,830.19,,880.00
N03BRKBK,N03,BRK,BK,KABUKI KUDOKI,,,,1859,607845018599,,1,0.00,,0.00,,139.62,,148.00
N03BRKBK,N03,BRK,BK,KABUKI MIZUBAKE,,,,1860,607845018605,,3,0.00,,0.00,,628.30,,666.00
N03BRKBK,N03,BRK,BK,KABUKI MIE,,,,1861,607845018612,,7,0.00,,0.00,,"1,750.00",,"1,855.00"
N01CHKBLS,N01,CHK,BLS,BLUSH UNLAWFUL,,,,4045,607845040453,,8,0.00,,0.00,,958.49,,"1,016.00"
N01M/UMPL,N01,M/U,MPL,THE MULTIPLE MAT MAURITANIE,,,,1587,607845015871,,5,0.00,,0.00,,721.70,,765.00
N01NILN/P,N01,NIL,N/P,NAIL POLISH CHINATOWN,,,,3636,607845036364,,4,0.00,,0.00,,260.38,,276.00
N01NILN/P,N01,NIL,N/P,NAIL POLISH OBSCURA,,,,3668,607845036685,,1,0.00,,0.00,,65.09,,69.00
N01NILN/P,N01,NIL,N/P,NAIL POLISH THASOS,,,,3655,607845036555,,2,0.00,,0.00,,130.19,,138.00
N01NILN/P,N01,NIL,N/P,NAIL POLISH FEARLESS,,,,3654,607845036548,,1,0.00,,0.00,,65.09,,69.00
N01NILN/P,N01,NIL,N/P,NAIL POLISH PURPLE RAIN,,,,3635,607845036357,,2,0.00,,0.00,,130.19,,138.00
N01NILN/P,N01,NIL,N/P,NAIL POLISH BASE COAT,,,,3627,607845036272,,2,0.00,,0.00,,130.19,,138.00
N01LIPL/G,N01,LIP,L/G,LIPGLOSS SIXTIES FAN,,,,1692,607845016922,,1,0.00,,0.00,,90.57,,96.00
N03BRSEYE,N03,BRS,EYE,#49 WET/DRY E/S BRUSH,,,,1862,607845018629,,2,0.00,,0.00,,235.85,,250.00
N01EYEE/S,N01,EYE,E/S,E/S INTENSITY SUBRA,,,,1936,607845019367,,2,0.00,,0.00,,211.32,,224.00
N01EYEE/S,N01,EYE,E/S,E/S INTENSITY GIOVE,,,,1935,607845019350,,2,0.00,,0.00,,211.32,,224.00
N01EYEE/S,N01,EYE,E/S,E/S INTENSITY PHOEBE,,,,1934,607845019343,,2,0.00,,0.00,,211.32,,224.00
N01EYEE/S,N01,EYE,E/S,E/S INTENSITY SYCORAX,,,,1933,607845019336,,2,0.00,,0.00,,211.32,,224.00
N01EYEE/S,N01,EYE,E/S,E/S INTENSITY HIMALIA,,,,1931,607845019312,,5,0.00,,0.00,,528.30,,560.00
N01EYEE/S,N01,EYE,E/S,E/S INTENSITY CALLISTO,,,,1929,607845019299,,7,0.00,,0.00,,739.62,,784.00
N01EYEE/S,N01,EYE,E/S,E/S INTENSITY EUROPA,,,,1926,607845019268,,2,0.00,,0.00,,211.32,,224.00
N01M/UILU,N01,M/U,ILU,ILLUMINATOR HOT SAND,,,,2344,607845023449,,13,0.00,,0.00,,"1,434.91",,"1,521.00"
N01LIPL/G,N01,LIP,L/G,LIPGLOSS R. TASMANIA,,,,1689,607845016892,,1,0.00,,0.00,,90.57,,96.00
N01LIPL/G,N01,LIP,L/G,LIPGLOSS R. BELIZE,,,,1680,607845016809,,3,0.00,,0.00,,271.70,,288.00
N01LIPL/G,N01,LIP,L/G,LIPGLOSS R. SUPERVIXEN,,,,1678,607845016786,,3,0.00,,0.00,,271.70,,288.00
N01LIPL/G,N01,LIP,L/G,LIPGLOSS R. GREEK HOLIDAY,,,,1677,607845016779,,4,0.00,,0.00,,362.26,,384.00
N01LIPL/G,N01,LIP,L/G,LIPGLOSS R. DOLCE VITA,,,,1676,607845016762,,7,0.00,,0.00,,633.96,,672.00
N01LIPL/G,N01,LIP,L/G,LIPGLOSS R. 1675,,,,1675,607845016755,,1,0.00,,0.00,,90.57,,96.00
N01LIPL/G,N01,LIP,L/G,LIPGLOSS R. RISKY BUSINESS,,,,1674,607845016748,,3,0.00,,0.00,,271.70,,288.00
N01LIPL/G,N01,LIP,L/G,LIPGLOSS R. 1673,,,,1673,607845016731,,10,0.00,,0.00,,905.66,,960.00
N01LIPL/G,N01,LIP,L/G,LIPGLOSS R. STOLEN KISSES,,,,1672,607845016724,,4,0.00,,0.00,,362.26,,384.00
N01LIPL/G,N01,LIP,L/G,LIPGLOSS R. 1671,,,,1671,607845016717,,10,0.00,,0.00,,905.66,,960.00
N01LIPL/G,N01,LIP,L/G,LIPGLOSS R. CHIHUAHUA,,,,1669,607845016694,,4,0.00,,0.00,,362.26,,384.00
N01LIPL/G,N01,LIP,L/G,LIPGLOSS R. TURKISH DELIGHT,,,,1668,607845016687,,2,0.00,,0.00,,181.13,,192.00
N01LIPL/G,N01,LIP,L/G,LIPGLOSS R. TRIPLE X,,,,1664,607845016649,,5,20.00,,38.40,,416.60,,441.60
N01M/UILU,N01,M/U,ILU,ILLUMINATOR 413BLKR,,,,2345,607845023456,,2,0.00,,0.00,,220.75,,234.00
N03BRKBK,N03,BRK,BK,KABUKI ITA,,,,1858,607845018582,,23,0.00,,0.00,,"4,816.98",,"5,106.00"
N03BRKBK,N03,BRK,BK,KABUKI YACHIYO,,,,1856,607845018568,,31,0.00,,0.00,,"6,492.45",,"6,882.00"
N03BRSBRS,N03,BRS,BRS,#41 DIFFUSING BRUSH,,,,1854,607845018544,,3,0.00,,0.00,,367.92,,390.00
N03BRSBRS,N03,BRS,BRS,#13 PRECISION BLEND BRUSH,,,,1853,607845018537,,1,0.00,,0.00,,108.49,,115.00
N03BRSBRS,N03,BRS,BRS,#47 ANGLED EYELINER BRUSH,,,,1852,607845018520,,6,0.00,,0.00,,707.55,,750.00
N03BRSBRS,N03,BRS,BRS,#30 PRECISION LIP BRUSH,,,,1851,607845018513,,8,0.00,,0.00,,867.92,,920.00
N03BRSBRS,N03,BRS,BRS,#48 BROW DEFINING BRUSH,,,,1850,607845018506,,10,0.00,,0.00,,"1,084.91",,"1,150.00"
N03BRSBRS,N03,BRS,BRS,#44 PRECISION CONTOUR BRUSH,,,,1849,607845018490,,9,0.00,,0.00,,"1,061.32",,"1,125.00"
N03BRSBRS,N03,BRS,BRS,#21 CONTOUR BRUSH,,,,1848,607845018483,,19,0.00,,0.00,,"3,316.04",,"3,515.00"
N03BRSBRS,N03,BRS,BRS,#43 WIDE CONTOUR E/S BRUSH,,,,1846,607845018469,,7,0.00,,0.00,,858.49,,910.00
N03BRSBRS,N03,BRS,BRS,#20 BLUSH BRUSH,,,,1845,607845018452,,4,0.00,,0.00,,698.11,,740.00
N03BRSBRS,N03,BRS,BRS,#10 POWDER BRUSH,,,,1844,607845018445,,4,0.00,,0.00,,837.74,,888.00
N03BRSBRS,N03,BRS,BRS,#42 BLENDING E/S BRUSH,,,,1843,607845018438,,7,0.00,,0.00,,858.49,,910.00
N03BRSBRS,N03,BRS,BRS,#46 PUSH EYELINER BRUSH,,,,1842,607845018421,,1,0.00,,0.00,,117.92,,125.00
N03BRSBRS,N03,BRS,BRS,#45 SMUDGE BRUSH,,,,1841,607845018414,,0,0.00,,0.00,,0.00,,0.00
N03BRSBRS,N03,BRS,BRS,#40 EYESHADOW BRUSH,,,,1840,607845018407,,4,0.00,,0.00,,490.57,,520.00
N03BRSBRS,N03,BRS,BRS,#11 B/Z POWDER BRUSH,,,,1839,607845018391,,2,0.00,,0.00,,418.87,,444.00
N01M/UMPL,N01,M/U,MPL,THE MULTIPLE MAT CAPPADOCE,,,,1586,607845015864,,1,0.00,,0.00,,144.34,,153.00
N01M/UMPL,N01,M/U,MPL,THE MULTIPLE MAT VIENTIANE,,,,1585,607845015857,,5,0.00,,0.00,,721.70,,765.00
N01M/UMPL,N01,M/U,MPL,THE MULTIPLE MAT LAOS,,,,1583,607845015833,,4,0.00,,0.00,,577.36,,612.00
N01M/UMPL,N01,M/U,MPL,THE MULTIPLE MAT SIAM,,,,1582,607845015826,,1,0.00,,0.00,,144.34,,153.00
N01M/UMPL,N01,M/U,MPL,THE MULTIPLE MAT EXUMAS,,,,1581,607845015819,,6,0.00,,0.00,,866.04,,918.00
N01M/UMPL,N01,M/U,MPL,THE MULTIPLE MAT ANGUILLA,,,,1580,607845015802,,3,0.00,,0.00,,433.02,,459.00
N01CHKBLS,N01,CHK,BLS,BLUSH CONTOUR GIENAH,,,,5182,607845051824,,10,0.00,,0.00,,"1,556.60",,"1,650.00"
N01CHKBLS,N01,CHK,BLS,BLUSH CONTOUR PALOMA,,,,5181,607845051817,,21,0.00,,0.00,,"3,268.87",,"3,465.00"
N01CHKBLS,N01,CHK,BLS,BLUSH CONTOUR OLYMPIA,,,,5180,607845051800,,17,0.00,,0.00,,"2,646.23",,"2,805.00"
N01M/UMPL,N01,M/U,MPL,THE MULTIPLE NA PALI COAST,,,,1526,607845015260,,1,0.00,,0.00,,144.34,,153.00
N01EYEE/S,N01,EYE,E/S,E/S DUO KAUAI,,,,3097,607845030973,,3,0.00,,0.00,,367.92,,390.00
N01COMCON,N01,COM,CON,RDT CRM CONCEALER VANILLA,,,,1232,607845012320,,240,0.96,,28.75,,"26,010.61",,"27,571.25"
N01COMCON,N01,COM,CON,RDT CRM CONCEALER HONEY,,,,1233,607845012337,,118,0.00,,0.00,,"12,801.89",,"13,570.00"
N01COMCON,N01,COM,CON,RDT CRM CONCEALER CUSTARD,,,,1234,607845012344,,417,0.16,,28.75,,"45,213.45",,"47,926.25"
N03OTHCAN,N03,OTH,CAN,CANDLES ORAN,,,,1302,607845013020,,1,0.00,,0.00,,220.75,,234.00
N03OTHACC,N03,OTH,ACC,FOUNDATION PUMP,,,,1832,607845018322,,551,0.73,,21.00,,"10,896.23",,"11,550.00"
N03OTHACC,N03,OTH,ACC,PENCIL SHARPENER,,,,9910,607845099109,,348,0.57,,5.25,,"6,889.39",,"7,302.75"
N03OTHACC,N03,OTH,ACC,EYELASH CURLER,,,,1830,607845018308,,3,0.00,,0.00,,226.42,,240.00
N02SKIRMV,N02,SKI,RMV,MAKEUP REMOVING WATER,,,,2251,607845022510,,16,0.00,,0.00,,"2,007.55",,"2,128.00"
N02SKIRMV,N02,SKI,RMV,GENTLE O/F EYE MAKEUP RMVR,,,,2250,607845022503,,35,10.12,,75.00,,"3,231.13",,"3,425.00"
N02SKIMAS,N02,SKI,MAS,AQUA GEL LUMINOUS MASK,,,,4810,607845048107,,54,0.00,,0.00,,"7,845.28",,"8,316.00"
N02SKIEXF,N02,SKI,EXF,DOUBLE REFINING EXFOLIATOR,,,,4803,607845048039,,1,0.00,,0.00,,139.62,,148.00
N02SKIMOI,N02,SKI,MOI,LUMINOUS MOISTURE CREAM,,,,4806,607845048060,,21,0.00,,0.00,,"4,754.72",,"5,040.00"
N02SKIMOI,N02,SKI,MOI,AQUA GEL LUM O/F MOIST,,,,4807,607845048077,,48,0.00,,0.00,,"9,645.28",,"10,224.00"
N02SKITON,N02,SKI,TON,MULTI-ACTION HYDRATING TONER,,,,4804,607845048046,,146,1.06,,70.00,,"19,216.98",,"20,370.00"
N01COMPRI,N01,COM,PRI,LIGHT OPTIMIZING PRIMER SPF 15,,,,2221,607845022213,,1,0.00,,0.00,,145.28,,154.00
N01COMPRI,N01,COM,PRI,PORE-REFINING PRIMER,,,,2217,607845022176,,1,25.00,,38.50,,108.96,,115.50
N01COMCON,N01,COM,CON,RDT CRM  CONCEALER  GINGER,,,,1235,607845012351,,257,0.39,,23.00,,"27,860.38",,"29,532.00"
N01COMCON,N01,COM,CON,RDT CRM  CONCEALER  CHANTILLY,,,,1231,607845012313,,44,0.00,,0.00,,"4,773.59",,"5,060.00"
N01COMCON,N01,COM,CON,RDT CRM  CONCEALER  AMANDE,,,,1238,607845012382,,24,0.00,,0.00,,"2,603.77",,"2,760.00"
N01COMCON,N01,COM,CON,CONCEALER STICK  VANILLA,,,,1209,607845012092,,3,0.00,,0.00,,311.32,,330.00
N01COMCON,N01,COM,CON,CONCEALER STICK  HONEY,,,,1210,607845012108,,2,0.00,,0.00,,207.55,,220.00
N01COMCON,N01,COM,CON,CONCEALER STICK  GINGER,,,,1212,607845012122,,3,0.00,,0.00,,311.32,,330.00
N01COMCON,N01,COM,CON,CONCEALER STICK  AMANDE,,,,1215,607845012153,,2,0.00,,0.00,,207.55,,220.00
N01COMPWR,N01,COM,PWR,LIGHT REFLECT SETTING POWDER,,,,1410,607845014102,,184,0.29,,37.50,,"26,002.36",,"27,562.50"
N01COMPWR,N01,COM,PWR,PRESSED POWDER MOUNTAIN,,,,5007N,607845050070,,33,0.00,,0.00,,"4,669.81",,"4,950.00"
N01COMPWR,N01,COM,PWR,PRESSED POWDER HEAT,,,,5004N,607845050049,,3,0.00,,0.00,,424.53,,450.00
N01COMPWR,N01,COM,PWR,PRESSED POWDER FLESH,,,,5002N,607845050025,,10,0.00,,0.00,,"1,415.09",,"1,500.00"
N01COMPRT,N01,COM,PRT,PRTM TERRE-NEUVE,,,,2333,607845023333,,12,0.00,,0.00,,"1,981.13",,"2,100.00"
N01COMPRT,N01,COM,PRT,PRTM ST.MORITZ,,,,2324,607845023241,,35,0.00,,0.00,,"5,778.30",,"6,125.00"
N01COMPRT,N01,COM,PRT,PRTM MALAGA,,,,2326,607845023265,,3,0.00,,0.00,,495.28,,525.00
N01COMPRT,N01,COM,PRT,PRTM GROENLAND,,,,2334,607845023340,,15,0.00,,0.00,,"2,476.42",,"2,625.00"
N01COMPRT,N01,COM,PRT,PRTM FINLAND,,,,2321,607845023210,,36,0.00,,0.00,,"5,943.40",,"6,300.00"
N01COMPRT,N01,COM,PRT,PRTM CUBA,,,,2325,607845023258,,1,0.00,,0.00,,165.09,,175.00
N01COMPRT,N01,COM,PRT,PRTM ANNAPURNA,,,,2323,607845023234,,6,0.00,,0.00,,990.57,,"1,050.00"
N01COMPRT,N01,COM,PRT,PRTM ALASKA,,,,2322,607845023227,,25,3.57,,43.75,,"4,086.08",,"4,331.25"
N01COMRCF,N01,COM,RCF,FOUNDATION RAD CRM  STROMBOLI,,,,6310,607845063100,,1,0.00,,0.00,,150.94,,160.00
N01COMRCF,N01,COM,RCF,FOUNDATION RAD CRM  FIJI,,,,6305,607845063056,,1,0.00,,0.00,,150.94,,160.00
N01COMFDN,N01,COM,FDN,FOUNDATION SHR GLW  VALLAURIS,,,,6410,607845064107,,19,6.25,,46.25,,"3,272.41",,"3,468.75"
N01COMFDN,N01,COM,FDN,FOUNDATION SHR GLW  NEW ORLEAN,,,,6414,607845064145,,1,0.00,,0.00,,174.53,,185.00
N01COMFDN,N01,COM,FDN,FOUNDATION SHR GLW  TAHOE,,,,6049,607845060499,,29,0.00,,0.00,,"5,061.32",,"5,365.00"
N01COMFDN,N01,COM,FDN,FOUNDATION SHR GLW  SYRACUSE,,,,6048,607845060482,,24,0.00,,0.00,,"4,188.68",,"4,440.00"
N01COMFDN,N01,COM,FDN,FOUNDATION SHR GLW  STROMBOLI,,,,6047,607845060475,,80,1.56,,46.25,,"13,918.63",,"14,753.75"
N01COMFDN,N01,COM,FDN,FOUNDATION SHR GLW  SIBERIA,,,,6040,607845060406,,27,5.00,,46.25,,"4,668.63",,"4,948.75"
N01COMFDN,N01,COM,FDN,FOUNDATION SHR GLW  SANTA FE,,,,6045,607845060451,,41,0.00,,0.00,,"7,155.66",,"7,585.00"
N01COMFDN,N01,COM,FDN,FOUNDATION SHR GLW  PUNJAB,,,,6043,607845060437,,193,1.32,,92.50,,"33,596.70",,"35,612.50"
N01COMFDN,N01,COM,FDN,FOUNDATION SHR GLW  MONT BLANC,,,,6042,607845060420,,38,0.00,,0.00,,"6,632.08",,"7,030.00"
N01COMFDN,N01,COM,FDN,FOUNDATION SHR GLW  MACAO,,,,6058,607845060581,,1,0.00,,0.00,,174.53,,185.00
N01COMFDN,N01,COM,FDN,FOUNDATION SHR GLW  GOBI,,,,6056,607845060567,,25,0.00,,0.00,,"4,363.21",,"4,625.00"
N01COMFDN,N01,COM,FDN,FOUNDATION SHR GLW  FIJI,,,,6044,607845060444,,102,0.00,,0.00,,"17,801.89",,"18,870.00"
N01COMFDN,N01,COM,FDN,FOUNDATION SHR GLW  DEAUVILLE,,,,6041,607845060413,,105,0.00,,0.00,,"18,325.47",,"19,425.00"
N01COMFDN,N01,COM,FDN,FOUNDATION SHR GLW  CEYLAN,,,,6057,607845060574,,145,2.35,,138.75,,"25,175.71",,"26,686.25"
N01COMFDN,N01,COM,FDN,FOUNDATION SHR GLW  CADIZ,,,,6050,607845060505,,6,0.00,,0.00,,"1,047.17",,"1,110.00"
N01COMFDN,N01,COM,FDN,FOUNDATION SHR GLW  BARCELONA,,,,6046,607845060468,,76,0.00,,0.00,,"13,264.15",,"14,060.00"
N01M/UILU,N01,M/U,ILU,ILLUMINATOR  COPACABANA,,,,2336,607845023364,,51,0.00,,0.00,,"5,629.25",,"5,967.00"
N01M/UMPL,N01,M/U,MPL,THE MULTIPLE  SOUTH BEACH,,,,1503N,607845015031,,5,0.00,,0.00,,721.70,,765.00
N01M/UMPL,N01,M/U,MPL,THE MULTIPLE  RIVIERA,,,,1516N,607845015161,,11,0.00,,0.00,,"1,587.74",,"1,683.00"
N01M/UMPL,N01,M/U,MPL,THE MULTIPLE  PORTOFINO,,,,1511N,607845015116,,19,0.00,,0.00,,"2,742.45",,"2,907.00"
N01M/UMPL,N01,M/U,MPL,THE MULTIPLE 1517,,,,1517,607845015178,,52,0.00,,0.00,,"7,505.66",,"7,956.00"
N01M/UMPL,N01,M/U,MPL,THE MULTIPLE  LUXOR,,,,1520,607845015208,,1,0.00,,0.00,,144.34,,153.00
N01M/UMPL,N01,M/U,MPL,THE MULTIPLE 1521,,,,1521,607845015215,,4,0.00,,0.00,,577.36,,612.00
N01M/UMPL,N01,M/U,MPL,THE MULTIPLE  COPACABANA,,,,1501N,607845015017,,43,0.96,,38.25,,"6,170.52",,"6,540.75"
N01CHKB/Z,N01,CHK,B/Z,B/Z POWDER LAGUNA,,,,5101,607845051015,,94,0.57,,43.75,,"15,477.59",,"16,406.25"
N01CHKB/Z,N01,CHK,B/Z,B/Z POWDER CASINO,,,,5102,607845051022,,13,0.00,,0.00,,"2,146.23",,"2,275.00"
N01CHKH/L,N01,CHK,H/L,H/LIGHT BLS  NEW ORDER,,,,5132,607845051329,,2,0.00,,0.00,,239.62,,254.00
N01CHKH/L,N01,CHK,H/L,H/LIGHT BLS  MISS LIBERTY,,,,5133,607845051336,,5,0.00,,0.00,,599.06,,635.00
N01CHKH/L,N01,CHK,H/L,H/LIGHT BLS ALBATROSS,,,,5131N,607845051312,,5,0.00,,0.00,,599.06,,635.00
N01CHKBLS,N01,CHK,BLS,BLUSH  TORRID,,,,4017N,607845040170,,22,0.00,,0.00,,"2,635.85",,"2,794.00"
N01CHKBLS,N01,CHK,BLS,BLUSH  TAOS,,,,4022,607845040224,,22,0.00,,0.00,,"2,635.85",,"2,794.00"
N01CHKBLS,N01,CHK,BLS,BLUSH 4030,,,,4030,607845040309,,17,0.00,,0.00,,"2,036.79",,"2,159.00"
N01CHKBLS,N01,CHK,BLS,BLUSH  SIN,,,,4014N,607845040149,,3,0.00,,0.00,,359.43,,381.00
N01CHKBLS,N01,CHK,BLS,BLUSH 4033,,,,4033,607845040330,,101,0.00,,0.00,,"12,100.94",,"12,827.00"
N01CHKBLS,N01,CHK,BLS,BLUSH  SEDUCTION,,,,4037,607845040378,,2,0.00,,0.00,,239.62,,254.00
N01CHKBLS,N01,CHK,BLS,BLUSH  OUTLAW,,,,4018,607845040187,,16,0.00,,0.00,,"1,916.98",,"2,032.00"
N01CHKBLS,N01,CHK,BLS,BLUSH  4013N,,,,4013N,607845040132,,785,0.75,,120.65,,"93,938.07",,"99,574.35"
N01CHKBLS,N01,CHK,BLS,BLUSH  OASIS,,,,4028N,607845040286,,3,0.00,,0.00,,359.43,,381.00
N01CHKBLS,N01,CHK,BLS,BLUSH  NICO,,,,4024,607845040248,,1,0.00,,0.00,,119.81,,127.00
N01CHKBLS,N01,CHK,BLS,BLUSH  MATA HARI,,,,4004N,607845040040,,8,0.00,,0.00,,958.49,,"1,016.00"
N01CHKBLS,N01,CHK,BLS,BLUSH  MADLY,,,,4026,607845040262,,4,0.00,,0.00,,479.25,,508.00
N01CHKBLS,N01,CHK,BLS,BLUSH  LUSTER,,,,4029N,607845040293,,15,0.00,,0.00,,"1,797.17",,"1,905.00"
N01CHKBLS,N01,CHK,BLS,BLUSH  LOVEJOY,,,,4019N,607845040194,,7,0.00,,0.00,,838.68,,889.00
N01CHKBLS,N01,CHK,BLS,BLUSH  GINA,,,,4007N,607845040071,,32,0.00,,0.00,,"3,833.96",,"4,064.00"
N01CHKBLS,N01,CHK,BLS,BLUSH  EXHIBIT A,,,,4015N,607845040156,,13,0.00,,0.00,,"1,557.55",,"1,651.00"
N01CHKBLS,N01,CHK,BLS,BLUSH  DOLCE VITA,,,,4031N,607845040316,,37,0.00,,0.00,,"4,433.02",,"4,699.00"
N01CHKBLS,N01,CHK,BLS,BLUSH  DESIRE,,,,4001N,607845040019,,14,0.00,,0.00,,"1,677.36",,"1,778.00"
N01CHKBLS,N01,CHK,BLS,BLUSH 4016N,,,,4016N,607845040163,,209,0.00,,0.00,,"25,040.57",,"26,543.00"
N01CHKBLS,N01,CHK,BLS,BLUSH  ANGELIKA,,,,4023,607845040231,,10,0.00,,0.00,,"1,198.11",,"1,270.00"
N01CHKBLS,N01,CHK,BLS,BLUSH  AMOUR,,,,4005N,607845040057,,19,0.00,,0.00,,"2,276.42",,"2,413.00"
N01EYEBRO,N01,EYE,BRO,BROW PERFECTOR  KALAMATA,,,,1127,607845011279,,14,0.00,,0.00,,"1,188.68",,"1,260.00"
N01EYEBRO,N01,EYE,BRO,BROW PERFECTOR  CAUCASE,,,,1126,607845011262,,38,1.32,,22.50,,"3,205.19",,"3,397.50"
N01EYEBRO,N01,EYE,BRO,BROW PERFECTOR  SURINAME,,,,1125,607845011255,,8,0.00,,0.00,,679.25,,720.00
N01EYEBRO,N01,EYE,BRO,BROW GEL  OURAL,,,,1153,607845011538,,2,0.00,,0.00,,169.81,,180.00
N01EYEBRO,N01,EYE,BRO,BROW GEL  ATHENS,,,,1152,607845011521,,1,0.00,,0.00,,84.91,,90.00
N01EYEBRO,N01,EYE,BRO,BROW GEL  PIRAEUS,,,,1151,607845011514,,2,0.00,,0.00,,169.81,,180.00
N01EYEBRO,N01,EYE,BRO,BROW GEL  KINSHASA,,,,1150,607845011507,,14,0.00,,0.00,,"1,188.68",,"1,260.00"
N01EYEE/L,N01,EYE,E/L,E/L LTL LW VIA VENETO,,,,8051,607845080510,,71,0.00,,0.00,,"6,698.11",,"7,100.00"
N01EYEE/L,N01,EYE,E/L,E/L LTL LW VIA DE' MARTELLI,,,,8066,607845080664,,25,2.78,,50.00,,"2,311.32",,"2,450.00"
N01EYEE/L,N01,EYE,E/L,E/L LTL LW VIA APPIA,,,,8053,607845080534,,12,0.00,,0.00,,"1,132.08",,"1,200.00"
N01EYEE/L,N01,EYE,E/L,E/L LTL LW RUE SAINT HONORE,,,,8057,607845080572,,6,0.00,,0.00,,566.04,,600.00
N01EYEE/L,N01,EYE,E/L,E/L LTL LW RUE DE RIVOLI,,,,8059,607845080596,,3,0.00,,0.00,,283.02,,300.00
N01EYEE/L,N01,EYE,E/L,E/L LTL LW RUE BONAPARTE,,,,8056,607845080565,,6,0.00,,0.00,,566.04,,600.00
N01EYEE/L,N01,EYE,E/L,E/L LTL LW MADISON AVENUE,,,,8058,607845080589,,2,0.00,,0.00,,188.68,,200.00
N01EYEE/L,N01,EYE,E/L,E/L STYLO NUKU HIVA,,,,8127,607845081272,,4,0.00,,0.00,,415.09,,440.00
N01EYEE/L,N01,EYE,E/L,E/L STYLO KOALA,,,,8129,607845081296,,9,0.00,,0.00,,933.96,,990.00
N01EYEE/L,N01,EYE,E/L,E/L STYLO CARPATES,,,,8126,607845081265,,73,0.00,,0.00,,"7,575.47",,"8,030.00"
N01EYEE/L,N01,EYE,E/L,E/L STYLO ATLANTIC,,,,8128,607845081289,,3,0.00,,0.00,,311.32,,330.00
N01EYEE/L,N01,EYE,E/L,E/L PENCIL MAMBO,,,,8002,607845080022,,6,0.00,,0.00,,509.43,,540.00
N01EYEE/P,N01,EYE,E/P,EYE PAINT MESOPOTAMIA,,,,8142,607845081425,,3,0.00,,0.00,,285.85,,303.00
N01EYEE/P,N01,EYE,E/P,EYE PAINT BLACK VALLEY,,,,8141,607845081418,,8,0.00,,0.00,,762.26,,808.00
N01EYEE/S,N01,EYE,E/S,E/S DUO TOKYO,,,,3017N,607845030171,,2,0.00,,0.00,,245.28,,260.00
N01EYEE/S,N01,EYE,E/S,E/S DUO SURABAYA,,,,3045,607845030454,,86,1.35,,65.00,,"10,485.85",,"11,115.00"
N01EYEE/S,N01,EYE,E/S,E/S DUO SUGARLAND,,,,3054,607845030546,,5,0.00,,0.00,,613.21,,650.00
N01EYEE/S,N01,EYE,E/S,E/S DUO SILK ROAD,,,,3077,607845030775,,14,0.00,,0.00,,"1,716.98",,"1,820.00"
N01EYEE/S,N01,EYE,E/S,E/S DUO PORTOBELLO,,,,3063,607845030638,,1,0.00,,0.00,,122.64,,130.00
N01EYEE/S,N01,EYE,E/S,E/S DUO NOUVEAU MONDE,,,,3083,607845030836,,1,0.00,,0.00,,122.64,,130.00
N01EYEE/S,N01,EYE,E/S,E/S DUO KUALA LUMPUR,,,,3079,607845030799,,931,0.00,,0.00,,"114,179.25",,"121,030.00"
N01EYEE/S,N01,EYE,E/S,E/S DUO KEY LARGO,,,,3018N,607845030188,,1,0.00,,0.00,,122.64,,130.00
N01EYEE/S,N01,EYE,E/S,E/S DUO KALAHARI,,,,3057,607845030577,,12,0.00,,0.00,,"1,471.70",,"1,560.00"
N01EYEE/S,N01,EYE,E/S,E/S DUO ISOLDE,,,,3067,607845030676,,58,0.00,,0.00,,"7,113.21",,"7,540.00"
N01EYEE/S,N01,EYE,E/S,E/S DUO CORDURA,,,,3070,607845030706,,71,0.00,,0.00,,"8,707.55",,"9,230.00"
N01EYEE/S,N01,EYE,E/S,E/S DUO BRUMES,,,,3075,607845030751,,1,0.00,,0.00,,122.64,,130.00
N01EYEE/S,N01,EYE,E/S,E/S DUO BROUSSE,,,,3074,607845030744,,2,0.00,,0.00,,245.28,,260.00
N01EYEE/S,N01,EYE,E/S,E/S DUO BOUTHAN,,,,3093,607845030935,,9,0.00,,0.00,,"1,103.77",,"1,170.00"
N01EYEE/S,N01,EYE,E/S,E/S DUO BELLISSIMA,,,,3020N,607845030201,,2,0.00,,0.00,,245.28,,260.00
N01EYEE/S,N01,EYE,E/S,E/S DUO ALL ABOUT EVE,,,,3014N,607845030140,,1,0.00,,0.00,,122.64,,130.00
N01EYEE/S,N01,EYE,E/S,E/S DUO ALHAMBRA,,,,3065,607845030652,,4,0.00,,0.00,,490.57,,520.00
N01EYEE/S,N01,EYE,E/S,E/S SG NIGHT NIGHT STAR,,,,2037N,607845020370,,1,0.00,,0.00,,94.34,,100.00
N01EYEE/S,N01,EYE,E/S,E/S SG NIGHT NIGHT PORTER,,,,2032N,607845020325,,1,0.00,,0.00,,94.34,,100.00
N01EYEE/S,N01,EYE,E/S,E/S SG SHIMMER STRADA,,,,2054,607845020547,,2,0.00,,0.00,,188.68,,200.00
N01EYEE/S,N01,EYE,E/S,E/S SG SHIMMER NEPAL,,,,2016N,607845020165,,4,12.50,,25.00,,353.77,,375.00
N01EYEE/S,N01,EYE,E/S,E/S SG SHIMMER MEKONG,,,,2068,607845020684,,1,0.00,,0.00,,94.34,,100.00
N01EYEE/S,N01,EYE,E/S,E/S SG SHIMMER GOLDFINGER,,,,2008N,607845020080,,2,0.00,,0.00,,188.68,,200.00
N01EYEE/S,N01,EYE,E/S,E/S SG SHIMMER GALAPAGOS,,,,2060,607845020608,,12,14.58,,50.00,,"1,084.91",,"1,150.00"
N01EYEE/S,N01,EYE,E/S,E/S SG SHIMMER FEZ,,,,2061,607845020615,,1,0.00,,0.00,,94.34,,100.00
N01EYEE/S,N01,EYE,E/S,E/S SG MATTE SOPHIA,,,,2005N,607845020059,,4,12.50,,25.00,,353.77,,375.00
N01EYEE/S,N01,EYE,E/S,E/S SG MATTE PERSIA,,,,2079,607845020790,,14,0.00,,0.00,,"1,320.75",,"1,400.00"
N01EYEE/S,N01,EYE,E/S,E/S SG MATTE NEW YORK,,,,2019N,607845020196,,4,0.00,,0.00,,377.36,,400.00
N01EYEE/S,N01,EYE,E/S,E/S SG MATTE COCONUT GROVE,,,,2073,607845020738,,2,0.00,,0.00,,188.68,,200.00
N01EYEE/S,N01,EYE,E/S,E/S SG MATTE BLONDIE,,,,2035N,607845020356,,1,25.00,,25.00,,70.75,,75.00
N01EYEE/S,N01,EYE,E/S,E/S SG MATTE BALI,,,,2004N,607845020042,,5,0.00,,0.00,,471.70,,500.00
N01EYEE/S,N01,EYE,E/S,E/S SG MATTE ABYSSINIA,,,,2059,607845020592,,1,0.00,,0.00,,94.34,,100.00
N01LIPL/T,N01,LIP,L/T,PURE SHEER L/TREAT BIANCA,,,,3412,607845034124,,2,0.00,,0.00,,175.47,,186.00
N01LIPL/L,N01,LIP,L/L,L/LINER ROSEBUD,,,,9008,607845090083,,2,0.00,,0.00,,150.94,,160.00
N01LIPL/L,N01,LIP,L/L,L/LINER MARNIE,,,,9017,607845090175,,2,0.00,,0.00,,150.94,,160.00
N01LIPL/P,N01,LIP,L/P,L/P V/MATTE WALKYRIE,,,,2463,607845024637,,260,0.00,,0.00,,"23,547.17",,"24,960.00"
N01LIPL/P,N01,LIP,L/P,L/P V/MATTE TRAIN BLEU,,,,2471,607845024712,,2,0.00,,0.00,,181.13,,192.00
N01LIPL/P,N01,LIP,L/P,L/P V/MATTE 2452,,,,2452,607845024521,,13,0.00,,0.00,,"1,177.36",,"1,248.00"
N01LIPL/P,N01,LIP,L/P,L/P V/MATTE ROMAN HOLIDAY,,,,2466,607845024668,,2,0.00,,0.00,,181.13,,192.00
N01LIPL/P,N01,LIP,L/P,L/P V/MATTE RED SQUARE,,,,2455,607845024552,,25,0.00,,0.00,,"2,264.15",,"2,400.00"
N01LIPL/P,N01,LIP,L/P,L/P V/MATTE POP LIFE,,,,2469,607845024699,,32,0.00,,0.00,,"2,898.11",,"3,072.00"
N01LIPL/P,N01,LIP,L/P,L/P V/MATTE NEVER SAY NEVER,,,,2472,607845024729,,9,0.00,,0.00,,815.09,,864.00
N01LIPL/P,N01,LIP,L/P,L/P V/MATTE MYSTERIOUS RED,,,,2477,607845024774,,48,0.00,,0.00,,"4,347.17",,"4,608.00"
N01LIPL/P,N01,LIP,L/P,L/P V/MATTE DRAGON GIRL,,,,2457,607845024576,,112,0.42,,24.00,,"10,120.75",,"10,728.00"
N01LIPL/P,N01,LIP,L/P,L/P V/MATTE DOLCE VITA,,,,2467,607845024675,,71,0.00,,0.00,,"6,430.19",,"6,816.00"
N01LIPL/P,N01,LIP,L/P,L/P V/MATTE DAMNED,,,,2456,607845024569,,17,0.00,,0.00,,"1,539.62",,"1,632.00"
N01LIPL/P,N01,LIP,L/P,L/P V/MATTE CRUELLA,,,,2454,607845024545,,54,2.78,,24.00,,"4,867.92",,"5,160.00"
N01LIPL/P,N01,LIP,L/P,L/P V/MATTE BOLERO,,,,2470,607845024705,,4,0.00,,0.00,,362.26,,384.00
N01LIPL/P,N01,LIP,L/P,L/P V/MATTE BETTINA,,,,2461,607845024613,,3,0.00,,0.00,,271.70,,288.00
N01LIPL/P,N01,LIP,L/P,L/P V/MATTE BELLE DE JOUR,,,,2465,607845024651,,2,0.00,,0.00,,181.13,,192.00
N01LIPL/P,N01,LIP,L/P,L/P V/MATTE BAHAMA,,,,2459,607845024590,,12,0.00,,0.00,,"1,086.79",,"1,152.00"
N01LIPL/P,N01,LIP,L/P,L/P V/GLOSS HAPPY DAYS,,,,9101,607845091011,,1,0.00,,0.00,,90.57,,96.00
N01LIPL/P,N01,LIP,L/P,L/P SATIN YU,,,,9211,607845092117,,10,0.00,,0.00,,905.66,,960.00
N01LIPL/P,N01,LIP,L/P,L/P SATIN RIKUGIEN,,,,9205,607845092056,,14,0.00,,0.00,,"1,267.92",,"1,344.00"
N01LIPL/P,N01,LIP,L/P,L/P SATIN PALAIS  ROYAL,,,,9210,607845092100,,4,0.00,,0.00,,362.26,,384.00
N01LIPL/P,N01,LIP,L/P,L/P SATIN MAJELLA,,,,9207,607845092070,,1,0.00,,0.00,,90.57,,96.00
N01LIPL/P,N01,LIP,L/P,L/P SATIN LUXEMBOURG,,,,9208,607845092087,,3,0.00,,0.00,,271.70,,288.00
N01LIPL/P,N01,LIP,L/P,L/P SATIN LODHI,,,,9203,607845092032,,2,0.00,,0.00,,181.13,,192.00
N01LIPL/P,N01,LIP,L/P,L/P SATIN HYDE PARK,,,,9209,607845092094,,3,0.00,,0.00,,271.70,,288.00
N01LIPL/P,N01,LIP,L/P,L/P SATIN HET LOO,,,,9200,607845092001,,15,0.00,,0.00,,"1,358.49",,"1,440.00"
N01LIPL/P,N01,LIP,L/P,L/P SATIN GOLSHAN,,,,9206,607845092063,,27,0.00,,0.00,,"2,445.28",,"2,592.00"
N01LIPL/P,N01,LIP,L/P,L/P SATIN FLORALIES,,,,9201,607845092018,,1,0.00,,0.00,,90.57,,96.00
N01LIPL/P,N01,LIP,L/P,L/P SATIN BISCAYNE PARK,,,,9204,607845092049,,1,0.00,,0.00,,90.57,,96.00
N01LIPL/G,N01,LIP,L/G,LTL L/G  NORMA,,,,1326,607845013266,,1,0.00,,0.00,,90.57,,96.00
N01LIPL/S,N01,LIP,L/S,L/S PUR MATT VOLGA,,,,3501,607845035015,,1,0.00,,0.00,,91.51,,97.00
N01LIPL/S,N01,LIP,L/S,L/S PUR MATT TONKIN,,,,3503,607845035039,,2,0.00,,0.00,,183.02,,194.00
N01LIPL/S,N01,LIP,L/S,L/S PUR MATT MONTEGO BAY,,,,3512,607845035121,,6,0.00,,0.00,,549.06,,582.00
N01LIPL/S,N01,LIP,L/S,L/S PUR MATT AMSTERDAM,,,,3515,607845035152,,13,0.00,,0.00,,"1,189.62",,"1,261.00"
N01LIPL/S,N01,LIP,L/S,L/S S/MATTE TRANSEUROPE EXPRES,,,,1012,607845010128,,15,0.00,,0.00,,"1,372.64",,"1,455.00"
N01LIPL/S,N01,LIP,L/S,L/S S/MATTE TRANS SIBERIAN,,,,1007,607845010074,,9,0.00,,0.00,,823.58,,873.00
N01LIPL/S,N01,LIP,L/S,L/S S/MATTE SHANGHAI EXPRESS,,,,1006,607845010067,,4,0.00,,0.00,,366.04,,388.00
N01LIPL/S,N01,LIP,L/S,L/S S/MATTE SCHIAP,,,,1041,607845010418,,1,0.00,,0.00,,91.51,,97.00
N01LIPL/S,N01,LIP,L/S,L/S S/MATTE SCARLET EMPRESS,,,,1008,607845010081,,6,0.00,,0.00,,549.06,,582.00
N01LIPL/S,N01,LIP,L/S,L/S S/MATTE RED LIZARD,,,,1005,607845010050,,13,0.00,,0.00,,"1,189.62",,"1,261.00"
N01LIPL/S,N01,LIP,L/S,L/S S/MATTE PIGALLE,,,,1017,607845010173,,59,1.04,,24.25,,"5,376.18",,"5,698.75"
N01LIPL/S,N01,LIP,L/S,L/S S/MATTE MOROCCO,,,,1003,607845010036,,8,0.00,,0.00,,732.08,,776.00
N01LIPL/S,N01,LIP,L/S,L/S S/MATTE JUNGLE RED,,,,1011,607845010111,,14,0.00,,0.00,,"1,281.13",,"1,358.00"
N01LIPL/S,N01,LIP,L/S,L/S S/MATTE HEAT WAVE,,,,1010,607845010104,,9,0.00,,0.00,,823.58,,873.00
N01LIPL/S,N01,LIP,L/S,L/S S/MATTE FUNNY FACE,,,,1009,607845010098,,10,0.00,,0.00,,915.09,,970.00
N01LIPL/S,N01,LIP,L/S,L/S S/MATTE FIRE DOWN BELOW,,,,1022,607845010227,,58,0.81,,24.25,,"5,284.67",,"5,601.75"
N01LIPL/S,N01,LIP,L/S,L/S SHEER TANGANYKA,,,,1025,607845010258,,1,0.00,,0.00,,91.51,,97.00
N01LIPL/S,N01,LIP,L/S,L/S SHEER SHRINAGAR,,,,1084,607845010845,,1,0.00,,0.00,,91.51,,97.00
N01LIPL/S,N01,LIP,L/S,L/S SHEER ROMAN HOLIDAY,,,,1029,607845010296,,5,0.00,,0.00,,457.55,,485.00
N01LIPL/S,N01,LIP,L/S,L/S SHEER NIAGARA,,,,1020,607845010203,,24,8.33,,24.25,,"2,173.35",,"2,303.75"
N01LIPL/S,N01,LIP,L/S,L/S SHEER MAYFLOWER,,,,1094,607845010944,,2,0.00,,0.00,,183.02,,194.00
N01LIPL/S,N01,LIP,L/S,L/S SHEER MANHUNT,,,,1078,607845010784,,3,0.00,,0.00,,274.53,,291.00
N01LIPL/S,N01,LIP,L/S,L/S SHEER GIPSY,,,,1026,607845010265,,4,0.00,,0.00,,366.04,,388.00
N01LIPL/S,N01,LIP,L/S,L/S SHEER FLAIR,,,,1051,607845010517,,1,0.00,,0.00,,91.51,,97.00
N01LIPL/S,N01,LIP,L/S,L/S SHEER FAST RIDE,,,,1087,607845010876,,1,0.00,,0.00,,91.51,,97.00
N01LIPL/S,N01,LIP,L/S,L/S SHEER FALBALA,,,,1086,607845010869,,2,0.00,,0.00,,183.02,,194.00
N01LIPL/S,N01,LIP,L/S,L/S SHEER DOLCE VITA,,,,1028,607845010289,,23,0.00,,0.00,,"2,104.72",,"2,231.00"
N01LIPL/S,N01,LIP,L/S,L/S SHEER DAMAGE,,,,1052,607845010524,,2,0.00,,0.00,,183.02,,194.00
N01LIPL/S,N01,LIP,L/S,L/S SHEER BARBARELLA,,,,1036,607845010364,,7,25.00,,24.25,,617.69,,654.75
N01LIPL/S,N01,LIP,L/S,L/S SATIN TOLEDE,,,,9302,607845093022,,21,0.00,,0.00,,"1,921.70",,"2,037.00"
N01LIPL/S,N01,LIP,L/S,L/S SATIN HONOLULU HONEY,,,,1001,607845010012,,1,0.00,,0.00,,91.51,,97.00
N01LIPL/S,N01,LIP,L/S,L/S SATIN DRESSED TO KILL,,,,9301,607845093015,,13,0.00,,0.00,,"1,189.62",,"1,261.00"
N01LIPL/S,N01,LIP,L/S,L/S SATIN CATFIGHT,,,,1050,607845010500,,1,0.00,,0.00,,91.51,,97.00
N01LIPL/S,N01,LIP,L/S,L/S SATIN CASABLANCA,,,,1004,607845010043,,19,0.00,,0.00,,"1,738.68",,"1,843.00"
N01LIPL/S,N01,LIP,L/S,L/S SATIN BLONDE VENUS,,,,1002,607845010029,,6,0.00,,0.00,,549.06,,582.00
N01LIPL/S,N01,LIP,L/S,L/S SATIN AFGHAN RED,,,,1060,607845010609,,19,0.00,,0.00,,"1,738.68",,"1,843.00"
N07PROPLT,N07,PRO,PLT,NARS PRO EMPTY LARGE PALETTE,,,,8311,607845858409,,11,0.00,,0.00,,830.19,,880.00
N07PROPLT,N07,PRO,PLT,NARS PRO EMPTY SMALL PALETTE,,,,8312,607845858362,,9,0.00,,0.00,,509.43,,540.00
N01LIPL/H,N01,LIP,L/H,VLG SUCK LE,,,,2722,607845027225,,1,0.00,,0.00,,91.51,,97.00
N01LIPL/H,N01,LIP,L/H,VLG DISRUPTOR LE,,,,2725,607845027256,,4,0.00,,0.00,,366.04,,388.00
N01CHKBLS,N01,CHK,BLS,BLUSH THREESOME LE,,,,4059,607845040590,,1,0.00,,0.00,,119.81,,127.00
N01CHKBLS,N01,CHK,BLS,BLUSH PEEP SHOW LE,,,,4061,607845040613,,3,0.00,,0.00,,359.43,,381.00
N01COMPRI,N01,COM,PRI,RADIANCE PRIMER SPF35,,,,2231,607845022312,,182,0.00,,0.00,,"26,613.21",,"28,210.00"
N01COMPRI,N01,COM,PRI,SMOOTH & PROTECT PRIMER SPF50,,,,2227,607845022275,,64,0.00,,0.00,,"9,358.49",,"9,920.00"
N01COMPRI,N01,COM,PRI,PORE & SHINE CONTROL PRIMER,,,,2229,607845022299,,59,0.93,,38.75,,"8,590.80",,"9,106.25"
N01EYEBRO,N01,EYE,BRO,BROW CREAM EL DJOUF,,,,1171,607845011712,,10,0.00,,0.00,,849.06,,900.00
N01CHKBLS,N01,CHK,BLS,DUAL INT BLUSH LIBERTN LE SU16,,,,5509,607845055099,,0,0.00,,0.00,,0.00,,0.00
N01EYEE/S,N01,EYE,E/S,E/S INTENSITY T 1942 LE SU16,,,,1942,607845019428,,1,0.00,,0.00,,105.66,,112.00
N01COMCON,N01,COM,CON,SMCC CHANTILLY,,,,1275,607845012757,,4,0.00,,0.00,,433.96,,460.00
N01COMCON,N01,COM,CON,SMCC VANILLAY,,,,1276,607845012764,,36,2.94,,57.50,,"3,851.42",,"4,082.50"
N01COMCON,N01,COM,CON,SMCC CRÈME BRULEE,,,,1277,607845012771,,53,0.00,,0.00,,"5,750.00",,"6,095.00"
N01COMCON,N01,COM,CON,SMCC CANNELLE,,,,1278,607845012788,,42,1.32,,28.75,,"4,529.48",,"4,801.25"
N01COMCON,N01,COM,CON,SMCC HONEYANNELLE,,,,1279,607845012795,,18,0.00,,0.00,,"1,952.83",,"2,070.00"
N01COMCON,N01,COM,CON,SMCC CUSTARD,,,,1280,607845012801,,129,0.51,,28.75,,"13,968.16",,"14,806.25"
N01COMCON,N01,COM,CON,SMCC MACADAMIA,,,,1281,607845012818,,21,0.00,,0.00,,"2,278.30",,"2,415.00"
N01COMCON,N01,COM,CON,SMCC GINGER,,,,1282,607845012825,,34,0.00,,0.00,,"3,688.68",,"3,910.00"
N01COMCON,N01,COM,CON,SMCC BISCUIT,,,,1283,607845012832,,28,4.17,,28.75,,"3,010.61",,"3,191.25"
N01COMCON,N01,COM,CON,SMCC CARAMEL,,,,1284,607845012849,,20,0.00,,0.00,,"2,169.81",,"2,300.00"
N01COMCON,N01,COM,CON,SMCC CHESTNUT,,,,1285,607845012856,,4,0.00,,0.00,,433.96,,460.00
N01COMCON,N01,COM,CON,SMCC AMANDE,,,,1286,607845012863,,6,0.00,,0.00,,650.94,,690.00
N01COMCON,N01,COM,CON,SMCC CACAO,,,,1289,607845012894,,1,0.00,,0.00,,108.49,,115.00
N01EYEE/S,N01,EYE,E/S,E/S DUO THESSALONIQUE,,,,3910,607845039105,,11,0.00,,0.00,,"1,349.06",,"1,430.00"
N01CHKBLS,N01,CHK,BLS,BLUSH BUMPY RIDE,,,,4068,607845040682,,46,0.00,,0.00,,"5,511.32",,"5,842.00"
N01LIPL/S,N01,LIP,L/S,L/S BREAKING FREE LE,,,,9407,607845094074,,2,0.00,,0.00,,183.02,,194.00
N01EYEE/S,N01,EYE,E/S,E/S VELVET STK SIROS,,,,8265,607845082651,,5,0.00,,0.00,,528.30,,560.00
N01EYEE/S,N01,EYE,E/S,E/S VELVET STK  BELLE-ÎLE,,,,8266,607845082668,,11,0.00,,0.00,,"1,162.26",,"1,232.00"
N01CHKH/L,N01,CHK,H/L,H/LIGHT BLS HOT SAND,,,,4066,607845040668,,24,0.00,,0.00,,"2,875.47",,"3,048.00"
N01COMCON,N01,COM,CON,CONCEALER STICK CRÈME BRULEE,,,,1293,607845012931,,2,12.50,,27.50,,181.60,,192.50
N01COMCON,N01,COM,CON,CONCEALER STICK CANNELLE,,,,1294,607845012948,,2,0.00,,0.00,,207.55,,220.00
N01COMCON,N01,COM,CON,CONCEALER STICK MACADAMIA,,,,1295,607845012955,,2,0.00,,0.00,,207.55,,220.00
N01LIPL/H,N01,LIP,L/H,VLG STRIPPED,,,,2710,607845027102,,3,0.00,,0.00,,274.53,,291.00
N01LIPL/H,N01,LIP,L/H,VLG UNLACED,,,,2711,607845027119,,1,0.00,,0.00,,91.51,,97.00
N01LIPL/H,N01,LIP,L/H,VLG PLAYPEN,,,,2712,607845027126,,90,0.74,,24.25,,"8,212.97",,"8,705.75"
N01LIPL/H,N01,LIP,L/H,VLG BOUND,,,,2713,607845027133,,23,0.00,,0.00,,"2,104.72",,"2,231.00"
N01LIPL/H,N01,LIP,L/H,VLG DANCETERIA,,,,2714,607845027140,,10,0.00,,0.00,,915.09,,970.00
N01LIPL/H,N01,LIP,L/H,VLG LA MAIN BLEU,,,,2715,607845027157,,8,0.00,,0.00,,732.08,,776.00
N01LIPL/H,N01,LIP,L/H,VLG MINESHAFT,,,,2716,607845027164,,22,0.00,,0.00,,"2,013.21",,"2,134.00"
N01LIPL/H,N01,LIP,L/H,VLG NO. 54,,,,2717,607845027171,,32,0.00,,0.00,,"2,928.30",,"3,104.00"
N01LIPL/H,N01,LIP,L/H,VLG LE PALACE,,,,2718,607845027188,,74,0.00,,0.00,,"6,771.70",,"7,178.00"
N01LIPL/H,N01,LIP,L/H,VLG UNSPEAKABLE,,,,2719,607845027195,,11,0.00,,0.00,,"1,006.60",,"1,067.00"
N01LIPL/H,N01,LIP,L/H,VLG TOY,,,,2720,607845027201,,1,0.00,,0.00,,91.51,,97.00
N01LIPL/H,N01,LIP,L/H,VLG AREA,,,,2721,607845027218,,1,0.00,,0.00,,91.51,,97.00
N01LIPL/H,N01,LIP,L/H,VLG DEVIANT,,,,2726,607845027263,,13,0.00,,0.00,,"1,189.62",,"1,261.00"
N01LIPL/P,N01,LIP,L/P,L/P V/MATTE GET OFF,,,,2486,607845024866,,5,0.00,,0.00,,452.83,,480.00
N01LIPL/P,N01,LIP,L/P,L/P V/MATTE INTRIGUING,,,,2487,607845024873,,90,1.79,,24.00,,"8,128.30",,"8,616.00"
N01LIPL/P,N01,LIP,L/P,L/P V/MATTE DO ME BABY,,,,2488,607845024880,,339,0.00,,0.00,,"30,701.89",,"32,544.00"
N01LIPL/P,N01,LIP,L/P,L/P V/MATTE FAMOUS RED,,,,2489,607845024897,,24,0.00,,0.00,,"2,173.58",,"2,304.00"
N01LIPL/P,N01,LIP,L/P,L/P V/MATTE LETS GO CRAZY,,,,2490,607845024903,,8,0.00,,0.00,,724.53,,768.00
N01LIPL/P,N01,LIP,L/P,L/P V/MATTE PUSSY CONTROL,,,,2491,607845024910,,3,0.00,,0.00,,271.70,,288.00
N01LIPL/P,N01,LIP,L/P,L/P V/MATTE DIRTY MIND,,,,2492,607845024927,,1,0.00,,0.00,,90.57,,96.00
N01LIPL/P,N01,LIP,L/P,L/P V/MATTE ENDANGERED RED,,,,2493,607845024934,,17,0.00,,0.00,,"1,539.62",,"1,632.00"
N01LIPL/P,N01,LIP,L/P,L/P V/MATTE LONELY HEART,,,,2495,607845024958,,1,0.00,,0.00,,90.57,,96.00
N04BODB/G,N04,BOD,B/G,TAHITI MONOI BODY GLOW II,,,,2104,607845021049,,1,0.00,,0.00,,193.40,,205.00
N04BODB/G,N04,BOD,B/G,TAHITI  MONOI BODY GLOW I,,,,2103,607845021032,,4,0.00,,0.00,,773.58,,820.00
N01CHKB/Z,N01,CHK,B/Z,LAGUNA LIQUID BRONZER,,,,5115,607845051152,,1,0.00,,0.00,,165.09,,175.00
N01EYEE/S,N01,EYE,E/S,E/S INTENSITY KARI,,,,1941,607845019411,,7,0.00,,0.00,,739.62,,784.00
N01EYEE/S,N01,EYE,E/S,E/S INTENSITY CRESSIDA,,,,1940,607845019404,,1,0.00,,0.00,,105.66,,112.00
N01EYEE/S,N01,EYE,E/S,E/S INTENSITY TARVOS,,,,1939,607845019398,,5,0.00,,0.00,,528.30,,560.00
N01CHKBLS,N01,CHK,BLS,BLUSH IMPASSIONED,,,,4062,607845040620,,39,0.00,,0.00,,"4,672.64",,"4,953.00"
N01LIPL/S,N01,LIP,L/S,L/S SATIN BANNED RED,,,,9401,607845094012,,122,2.27,,24.25,,"11,141.27",,"11,809.75"
N01LIPL/S,N01,LIP,L/S,L/S SATIN ROSECLIFF,,,,9400,607845094005,,4,0.00,,0.00,,366.04,,388.00
N01LIPL/G,N01,LIP,L/G,LIPGLOSS VIDA LOCA LE SP16,,,,5611,607845056119,,1,0.00,,0.00,,90.57,,96.00
N01COMVMS,N01,COM,VMS,VMST POLYNESIA,,,,6524,607845065241,,1,0.00,,0.00,,165.09,,175.00
N01COMVMS,N01,COM,VMS,VMST SEYCHELLES,,,,6522,607845065227,,1,0.00,,0.00,,165.09,,175.00
N01COMVMS,N01,COM,VMS,VMST MALAGA,,,,6521,607845065210,,2,0.00,,0.00,,330.19,,350.00
N01COMVMS,N01,COM,VMS,VMST CUBA,,,,6520,607845065203,,3,0.00,,0.00,,495.28,,525.00
N01COMVMS,N01,COM,VMS,VMST ANNAPURNA,,,,6519,607845065197,,3,0.00,,0.00,,495.28,,525.00
N01COMVMS,N01,COM,VMS,VMST CUZCO,,,,6518,607845065180,,20,0.00,,0.00,,"3,301.89",,"3,500.00"
N01COMVMS,N01,COM,VMS,VMST ST MORITZ,,,,6517,607845065173,,23,2.08,,43.75,,"3,755.90",,"3,981.25"
N01COMVMS,N01,COM,VMS,VMST GROENLAND,,,,6516,607845065166,,15,0.00,,0.00,,"2,476.42",,"2,625.00"
N01COMVMS,N01,COM,VMS,VMST ALASKA,,,,6515,607845065159,,21,0.00,,0.00,,"3,466.98",,"3,675.00"
N01COMVMS,N01,COM,VMS,VMST FINLAND,,,,6514,607845065142,,26,0.00,,0.00,,"4,292.45",,"4,550.00"
N01COMVMS,N01,COM,VMS,VMST TERRE NEUVE,,,,6513,607845065135,,8,0.00,,0.00,,"1,320.75",,"1,400.00"
N01EYEE/S,N01,EYE,E/S,E/S DUO RUE ALLENT SU17 LE,,,,3908,607845039082,,1,0.00,,0.00,,122.64,,130.00
N01M/UMPL,N01,M/U,MPL,MULTIPLE TINT JO SU17 LE,,,,5406,607845054061,,3,0.00,,0.00,,433.02,,459.00
N01COMHYD,N01,COM,HYD,HYDR GLOW FLUID MED SU17 LE,,,,6999,607845069997,,1,0.00,,0.00,,136.79,,145.00
N01CHKB/Z,N01,CHK,B/Z,SWDB SEASIDE,,,,5166,607845051664,,13,0.00,,0.00,,"2,146.23",,"2,275.00"
N01CHKB/Z,N01,CHK,B/Z,SWDB LAGUNA,,,,5167,607845051671,,39,0.00,,0.00,,"6,438.68",,"6,825.00"
N01CHKB/Z,N01,CHK,B/Z,SWDB CASINO,,,,5168,607845051688,,3,0.00,,0.00,,495.28,,525.00
N01CHKB/Z,N01,CHK,B/Z,SWDB FALAISES,,,,5169,607845051695,,2,0.00,,0.00,,330.19,,350.00
N01CHKBLS,N01,CHK,BLS,LIQUID BLUSH 5155,,,,5155,607845051558,,7,0.00,,0.00,,838.68,,889.00
N01LIPL/S,N01,LIP,L/S,L/S 9408,,,,9408,607845094081,,35,0.00,,0.00,,"3,202.83",,"3,395.00"
N03BRSBRS,N03,BRS,BRS,#50 SMALL EYE SHADER,,,,1878,607845018780,,7,0.00,,0.00,,825.47,,875.00
N03BRSBRS,N03,BRS,BRS,#51 WET DRY EYE LINING BRUSH,,,,1879,607845018797,,5,0.00,,0.00,,589.62,,625.00
N03BRSBRS,N03,BRS,BRS,#52 EYEBROW BRUSH,,,,1880,607845018803,,1,0.00,,0.00,,108.49,,115.00
,,,,,,,,,,,,,,,,,,
,,,,,,,,,,,,,,,,,,
,,,,,,,,,,,,,,,,,,1
