DCS Code,D,C,S,Description1,ALU,UPC,Qty_Sold,Disc,Disc_Amt,Ext_P,Ext_PT
Subsidiary: ,NARS,,,,,,,,,,
N01LIPL/G,N01,LIP,L/G,LIPGLOSS HOT SAND LE SP16,5613,6.07845E+11,1,0,0,90.57,96
N05SETL/E,N05,SET,L/E,REDUX MINI MPL SET SU17 LE,8436,6.07845E+11,2,0,0,301.89,320
N01EYEE/S,N01,EYE,E/S,E/S VELVET STK CORFU,8267,6.07845E+11,12,0,0,"1,267.92","1,344.00"
N01EYEE/S,N01,EYE,E/S,E/S VELVET STK DARK ANGEL,8269,6.07845E+11,4,0,0,422.64,448
N01EYEE/S,N01,EYE,E/S,E/S VELVET STK NEPAL,8270,6.07845E+11,11,0,0,"1,162.26","1,232.00"
N01COMPWR,N01,COM,PWR,LIGHT REFLECT SET PRESSED NEW,1412,6.07845E+11,412,0,0,"58,301.89","61,800.00"
N02SKIE/C,N02,SKI,E/C,TTL REPLENISHING EYE CRM JAR,4825,6.07845E+11,37,3.57,65,"9,014.15","9,555.00"
N01EYEE/L,N01,EYE,E/L,E/L VLVT DARKLIGHT,8184,6.07845E+11,4,0,0,339.62,360
N01EYEE/L,N01,EYE,E/L,E/L VLVT LAS POZAS,8183,6.07845E+11,6,0,0,509.43,540
N01EYEE/L,N01,EYE,E/L,E/L VLVT LAST FRONTIER,8182,6.07845E+11,8,0,0,679.25,720
N01EYEE/L,N01,EYE,E/L,E/L VLVT LONDON,8179,6.07845E+11,2,0,0,169.81,180
N01EYEE/L,N01,EYE,E/L,E/L VLVT KALISTE,8178,6.07845E+11,2,0,0,169.81,180
N01EYEE/L,N01,EYE,E/L,E/L VLVT MAMBO,8176,6.07845E+11,6,0,0,509.43,540
N01EYEE/L,N01,EYE,E/L,E/L VLVT BLACK MOON,8175,6.07845E+11,9,0,0,764.15,810
N01EYEMAS,N01,EYE,MAS,AUDACIOUS MASCARA MINERVE LE,7014,6.07845E+11,3,0,0,311.32,330
N01EYEMAS,N01,EYE,MAS,AUDACIOUS MASCARA MAMBO LE,7015,6.07845E+11,4,0,0,415.09,440
N01EYEMAS,N01,EYE,MAS,AUDACIOUS MASCARA PARK CITY LE,7016,6.07845E+11,3,0,0,311.32,330
N01LIPL/S,N01,LIP,L/S,L/S AUD DAYLE,2827,6.07845E+11,4,0,0,415.09,440
N01LIPL/S,N01,LIP,L/S,L/S AUD VIBEKE LE,2828,6.07845E+11,21,0,0,"2,179.25","2,310.00"
N01LIPL/S,N01,LIP,L/S,L/S AUD LOUISE,2830,6.07845E+11,55,0,0,"5,707.55","6,050.00"
N01LIPL/S,N01,LIP,L/S,L/S AUD KIRAT,2831,6.07845E+11,1,0,0,103.77,110
N01LIPL/S,N01,LIP,L/S,L/S AUD AYA LE,2832,6.07845E+11,1,0,0,103.77,110
N01CHKBLS,N01,CHK,BLS,BLUSH BLISSFUL,4067,6.07845E+11,3,0,0,359.43,381
N01EYEE/S,N01,EYE,E/S,E/S DI TITANIA LE,1949,6.07845E+11,1,0,0,105.66,112
N03OTHACC,N03,OTH,ACC,AQUA GLOW CUSH FDT COMPCT CASE,2393,6.07845E+11,190,0.94,22.5,"8,044.81","8,527.50"
N01COMCSH,N01,COM,CSH,AQUA GLOW CUSH FDT NAMSAN,6800,6.07845E+11,32,0,0,"4,377.36","4,640.00"
N01COMCSH,N01,COM,CSH,AQUA GLOW CUSH FDT SOWOL,6802,6.07845E+11,43,0,0,"5,882.08","6,235.00"
N01COMCSH,N01,COM,CSH,AQUA GLOW CUSH FDT FINLAND,6801,6.07845E+11,70,1.47,36.25,"9,541.27","10,113.75"
N01COMCSH,N01,COM,CSH,AQUA GLOW CUSH FDT ALASKA,6803,6.07845E+11,53,0,0,"7,250.00","7,685.00"
N01COMCSH,N01,COM,CSH,AQUA GLOW CUSH FDT GROENLAND,6804,6.07845E+11,20,0,0,"2,735.85","2,900.00"
N01COMCSH,N01,COM,CSH,AQUA GLOW CUSH FDT MORITZ,6805,6.07845E+11,18,2.5,36.25,"2,428.07","2,573.75"
N01LIPL/L,N01,LIP,L/L,PRECISION L/L CAMARGUE,9070,6.07845E+11,3,0,0,257.55,273
N01LIPL/L,N01,LIP,L/L,PRECISION L/L HALONG BAY,9071,6.07845E+11,3,0,0,257.55,273
N01LIPL/L,N01,LIP,L/L,PRECISION L/L VENCE,9072,6.07845E+11,3,0,0,257.55,273
N01LIPL/L,N01,LIP,L/L,PRECISION L/L LERINS,9073,6.07845E+11,4,0,0,343.4,364
N01LIPL/L,N01,LIP,L/L,PRECISION L/L CAP DAIL,9075,6.07845E+11,19,0,0,"1,631.13","1,729.00"
N01LIPL/L,N01,LIP,L/L,PRECISION L/L SAINT RAPHAEL,9076,6.07845E+11,1,0,0,85.85,91
N01LIPL/L,N01,LIP,L/L,PRECISION L/L JUAN LES PINS,9077,6.07845E+11,1,0,0,85.85,91
N01LIPL/L,N01,LIP,L/L,PRECISION L/L HOLY RED,9078,6.07845E+11,1,0,0,85.85,91
N01LIPL/L,N01,LIP,L/L,PRECISION L/L PORQUEROLLES,9079,6.07845E+11,7,0,0,600.94,637
N01LIPL/L,N01,LIP,L/L,PRECISION L/L MARIACHI,9081,6.07845E+11,17,0,0,"1,459.43","1,547.00"
N01LIPL/L,N01,LIP,L/L,PRECISION L/L MOUGINS,9082,6.07845E+11,11,0,0,944.34,"1,001.00"
N01LIPL/L,N01,LIP,L/L,PRECISION L/L ARLES,9083,6.07845E+11,3,0,0,257.55,273
N01LIPL/L,N01,LIP,L/L,PRECISION L/L MENTON,9084,6.07845E+11,1,0,0,85.85,91
N01LIPL/L,N01,LIP,L/L,PRECISION L/L GRASSE,9085,6.07845E+11,1,0,0,85.85,91
N01LIPL/L,N01,LIP,L/L,PRECISION L/L SAINTE MAXIME,9086,6.07845E+11,5,0,0,429.25,455
N01LIPL/L,N01,LIP,L/L,PRECISION L/L PORT GRIMAUD,9087,6.07845E+11,3,0,0,257.55,273
N01LIPL/L,N01,LIP,L/L,PRECISION L/L GORDES,9088,6.07845E+11,4,0,0,343.4,364
N01LIPL/L,N01,LIP,L/L,PRECISION L/L ROUGE MAROCAIN,9089,6.07845E+11,2,0,0,171.7,182
N01LIPL/L,N01,LIP,L/L,PRECISION L/L RIDE IT,9090,6.07845E+11,8,0,0,686.79,728
N01LIPL/L,N01,LIP,L/L,PRECISION L/L MARNIE,9091,6.07845E+11,1,0,0,85.85,91
N01LIPL/L,N01,LIP,L/L,PRECISION L/L LE LAVANDOU,9092,6.07845E+11,4,0,0,343.4,364
N01LIPL/L,N01,LIP,L/L,PRECISION L/L CASSIS,9093,6.07845E+11,1,0,0,85.85,91
N01LIPL/L,N01,LIP,L/L,PRECISION L/L STAR ROCKIN,9094,6.07845E+11,1,0,0,85.85,91
N01LIPPIG,N01,LIP,PIG,PMLP SLOW RIDE,2760,6.07845E+11,13,1.92,24.25,"1,166.75","1,236.75"
N01LIPPIG,N01,LIP,PIG,PMLP LONDON CALLING,2761,6.07845E+11,10,0,0,915.09,970
N01LIPPIG,N01,LIP,PIG,PMLP WALK THIS WAY,2762,6.07845E+11,77,0,0,"7,046.23","7,469.00"
N01LIPPIG,N01,LIP,PIG,PMLP UNDER MY THUMB,2763,6.07845E+11,129,0,0,"11,804.72","12,513.00"
N01LIPPIG,N01,LIP,PIG,PMLP GET IT ON,2764,6.07845E+11,68,0,0,"6,222.64","6,596.00"
N01LIPPIG,N01,LIP,PIG,PMLP WARM LEATHERETTE,2765,6.07845E+11,27,0,0,"2,470.75","2,619.00"
N01LIPPIG,N01,LIP,PIG,PMLP SAVE THE QUEEN,2766,6.07845E+11,126,0,0,"11,530.19","12,222.00"
N01LIPPIG,N01,LIP,PIG,PMLP LOW RIDER,2767,6.07845E+11,51,0,0,"4,666.98","4,947.00"
N01LIPPIG,N01,LIP,PIG,PMLP GIVE IT UP,2768,6.07845E+11,19,0,0,"1,738.68","1,843.00"
N01LIPPIG,N01,LIP,PIG,PMLP GET UP STAND UP,2769,6.07845E+11,36,0,0,"3,294.34","3,492.00"
N01LIPPIG,N01,LIP,PIG,PMLP LIGHT MY FIRE,2770,6.07845E+11,68,0,0,"6,222.64","6,596.00"
N01LIPPIG,N01,LIP,PIG,PMLP DON'T STOP,2771,6.07845E+11,132,0,0,"12,079.24","12,804.00"
N01LIPPIG,N01,LIP,PIG,PMLP AMERICAN WOMAN,2772,6.07845E+11,70,0,0,"6,405.66","6,790.00"
N01LIPPIG,N01,LIP,PIG,PMLP STARWOMAN,2773,6.07845E+11,40,2.78,24.25,"3,637.50","3,855.75"
N01LIPPIG,N01,LIP,PIG,PMLP ROCK WITH YOU,2774,6.07845E+11,20,0,0,"1,830.19","1,940.00"
N01LIPPIG,N01,LIP,PIG,PMLP DONE IT AGAIN,2775,6.07845E+11,1,0,0,91.51,97
N01LIPPIG,N01,LIP,PIG,PMLP PAINT IT BLACK,2776,6.07845E+11,1,0,0,91.51,97
N01LIPPIG,N01,LIP,PIG,PMLP WILD NIGHT,2777,6.07845E+11,4,0,0,366.04,388
N01LIPPIG,N01,LIP,PIG,PMLP JUST WHAT I NEEDED,2778,6.07845E+11,144,2.5,48.5,"13,131.60","13,919.50"
N01LIPPIG,N01,LIP,PIG,PMLP JUST PUSH PLAY,2782,6.07845E+11,251,0.24,24.25,"22,945.99","24,322.75"
N05SETL/E,N05,SET,L/E,FA15 NRST HARDWIRE EYE KIT,8309,6.07845E+11,4,0,0,886.79,940
N01EYEMAS,N01,EYE,MAS,AUDACIOUS MASCARA BLACK MOON,7007,6.07845E+11,64,3.33,22,"6,620.75","7,018.00"
N01COMVFS,N01,COM,VFS,VM FDT STICK SIBERIA,6539,6.07845E+11,2,0,0,330.19,350
N01COMVFS,N01,COM,VFS,VM FDT STICK MONT BLANC,6540,6.07845E+11,9,0,0,"1,485.85","1,575.00"
N01COMVFS,N01,COM,VFS,VM FDT STICK GOBI,6541,6.07845E+11,7,0,0,"1,155.66","1,225.00"
N01COMVFS,N01,COM,VFS,VM FDT STICK DEAUVILLE,6542,6.07845E+11,17,0,0,"2,806.60","2,975.00"
N01COMVFS,N01,COM,VFS,VM FDT STICK FIJI,6543,6.07845E+11,16,0,0,"2,641.51","2,800.00"
N01COMVFS,N01,COM,VFS,VM FDT STICK CEYLAN,6544,6.07845E+11,13,0,0,"2,146.23","2,275.00"
N01COMVFS,N01,COM,VFS,VM FDT STICK PUNJAB,6545,6.07845E+11,23,0,0,"3,797.17","4,025.00"
N01COMVFS,N01,COM,VFS,VM FDT STICK VALLAURIS,6546,6.07845E+11,10,0,0,"1,650.94","1,750.00"
N01COMVFS,N01,COM,VFS,VM FDT STICK SANTA FE,6547,6.07845E+11,12,0,0,"1,981.13","2,100.00"
N01COMVFS,N01,COM,VFS,VM FDT STICK STROMBOLI,6548,6.07845E+11,10,0,0,"1,650.94","1,750.00"
N01COMVFS,N01,COM,VFS,VM FDT STICK BARCELONA,6549,6.07845E+11,18,0,0,"2,971.70","3,150.00"
N01COMVFS,N01,COM,VFS,VM FDT STICK SYRACUSE,6550,6.07845E+11,28,0,0,"4,622.64","4,900.00"
N01COMVFS,N01,COM,VFS,VM FDT STICK TAHOE,6551,6.07845E+11,15,0,0,"2,476.42","2,625.00"
N01COMVFS,N01,COM,VFS,VM FDT STICK CADIZ,6552,6.07845E+11,7,0,0,"1,155.66","1,225.00"
N01COMVFS,N01,COM,VFS,VM FDT STICK MACAO,6553,6.07845E+11,11,0,0,"1,816.04","1,925.00"
N01COMVFS,N01,COM,VFS,VM FDT STICK NEW GUINEA,6554,6.07845E+11,3,0,0,495.28,525
N01COMVFS,N01,COM,VFS,VM FDT STICK TRINIDAD,6555,6.07845E+11,1,0,0,165.09,175
N01COMVFS,N01,COM,VFS,VM FDT STICK NEW ORLEANS,6556,6.07845E+11,1,0,0,165.09,175
N01COMVFS,N01,COM,VFS,VM FDT STICK BENARES,6557,6.07845E+11,1,0,0,165.09,175
N03OTHACC,N03,OTH,ACC,VM FDT STICK TOUCH-UP SPONGE,6561,6.07845E+11,4,0,0,79.25,84
N02SKIRMV,N02,SKI,RMV,AQUA-INFUSED M/U REMOVNG WATER,4837,6.07845E+11,24,0,0,"3,011.32","3,192.00"
N03OTHACC,N03,OTH,ACC,AQUA GLOW CUSH FDT SPONGE,6807,6.07845E+11,3,0,0,59.43,63
N01EYEE/S,N01,EYE,E/S,E/S VELVET STK GLENAN,8261,6.07845E+11,2,0,0,211.32,224
N01EYEE/S,N01,EYE,E/S,E/S VELVET STK FLIBUSTE,8260,6.07845E+11,1,0,0,105.66,112
N01EYEE/S,N01,EYE,E/S,E/S VELVET STK SUKHOTHAI,8259,6.07845E+11,6,0,0,633.96,672
N01EYEE/S,N01,EYE,E/S,E/S VELVET STK OAXACA,8258,6.07845E+11,7,0,0,739.62,784
N01EYEE/S,N01,EYE,E/S,E/S VELVET STK AIGL NOIR,8257,6.07845E+11,2,0,0,211.32,224
N01EYEE/S,N01,EYE,E/S,E/S VELVET STK GODDESS,8256,6.07845E+11,16,0,0,"1,690.57","1,792.00"
N01EYEE/S,N01,EYE,E/S,E/S VELVET STK HLLYWDLND,8255,6.07845E+11,8,0,0,845.28,896
N01EYEE/S,N01,EYE,E/S,E/S INTENSITY PASIPHAE,1938,6.07845E+11,9,0,0,950.94,"1,008.00"
N01EYEE/S,N01,EYE,E/S,E/S INTENSITY TELESTO,1937,6.07845E+11,2,0,0,211.32,224
N01LIPL/G,N01,LIP,L/G,L/G CHELSEA GIRLS,1695,6.07845E+11,1,0,0,90.57,96
N01M/UMPL,N01,M/U,MPL,THE MULTIPLE 413BLKR,1525,6.07845E+11,1,0,0,144.34,153
N01EYEE/S,N01,EYE,E/S,HO17 E/S DUO DEBAUCHED,3911,6.07845E+11,2,0,0,245.28,260
N01EYEE/S,N01,EYE,E/S,HO17 E/S DUO MONTPARNASSE,3912,6.07845E+11,3,0,0,367.92,390
N01EYEE/L,N01,EYE,E/L,HO17 VELVET E/L NAGOYA,8185,6.07845E+11,1,0,0,84.91,90
N01EYEE/L,N01,EYE,E/L,HO17 VELVET E/L SANTIAGO,8186,6.07845E+11,3,0,0,254.72,270
N01LIPLAC,N01,LIP,LAC,HO17 PG L/LACQUER OFF LIMIT,5686,6.07845E+11,5,0,0,457.55,485
N01LIPLAC,N01,LIP,LAC,HO17 PG L/LACQUER ZAMBEZE,5687,6.07845E+11,6,0,0,549.06,582
N01LIPLAC,N01,LIP,LAC,HO17 PG L/LACQUER KIKI,5688,6.07845E+11,2,0,0,183.02,194
N01LIPLAC,N01,LIP,LAC,HO17 PG L/LACQUER MUSE,5689,6.07845E+11,2,0,0,183.02,194
N01CHKBLS,N01,CHK,BLS,HO17 BLUSH INTENSELY,4048,6.07845E+11,3,0,0,359.43,381
N01CHKBLS,N01,CHK,BLS,HO17 BLUSH 4049,4049,6.07845E+11,4,0,0,479.25,508
N01LIPL/S,N01,LIP,L/S,L/S AUD ANITA LE,2833,6.07845E+11,207,3.95,82.5,"21,403.30","22,687.50"
N05SETL/E,N05,SET,L/E,HO17 LOVE TRI 4016N,8457,6.07845E+11,6,0,0,481.13,510
N05SETL/E,N05,SET,L/E,HO17 THE VEIL CHEEK PALETTE,8362,6.07845E+11,89,0,0,"16,372.64","17,355.00"
N05SETL/E,N05,SET,L/E,HO17 GLASS TEARS E/S PALETTE,8360,6.07845E+11,44,0,0,"8,094.34","8,580.00"
N05SETL/E,N05,SET,L/E,HO17 L/AMOUREUX AUD L/S COFRET,8459,6.07845E+11,6,0,0,"1,103.77","1,170.00"
N05SETL/E,N05,SET,L/E,HO17 NR/ET BLAN AUD L/S COFRET,8460,6.07845E+11,4,0,0,735.85,780
N05SETL/E,N05,SET,L/E,HO17 LOVE TRI 4013N,8456,6.07845E+11,44,0,0,"3,528.30","3,740.00"
N05SETL/E,N05,SET,L/E,HO17 LOVE TRI DOLCE VITA,8463,6.07845E+11,7,0,0,561.32,595
N05SETL/E,N05,SET,L/E,HO17 LOVE TRI IMPASSIONED,8464,6.07845E+11,17,0,0,"1,363.21","1,445.00"
N05SETL/E,N05,SET,L/E,NARSISSIST LIP SET LE,8356,6.07845E+11,366,0,0,"79,415.09","84,180.00"
N01EYEBRO,N01,EYE,BRO,BROW CREAM DANAKIL,1173,6.07845E+11,2,0,0,169.81,180
N01EYEBRO,N01,EYE,BRO,BROW CREAM TANAMI,1172,6.07845E+11,9,4.17,22.5,742.92,787.5
N01LIPL/S,N01,LIP,L/S,L/S AUD APOLINE,9493,6.07845E+11,62,0,0,"6,433.96","6,820.00"
N01LIPL/S,N01,LIP,L/S,L/S AUD MONA,9497,6.07845E+11,44,0,0,"4,566.04","4,840.00"
N01LIPL/S,N01,LIP,L/S,L/S AUD KATE,9496,6.07845E+11,2,0,0,207.55,220
N01LIPL/S,N01,LIP,L/S,L/S AUD STEFANIA,9495,6.07845E+11,3,0,0,311.32,330
N01LIPL/S,N01,LIP,L/S,L/S AUD SHIRLEY,9494,6.07845E+11,45,0,0,"4,669.81","4,950.00"
N05SETL/E,N05,SET,L/E,RETEX15 ULTIMATE NARS LIPSET,3875,6.07845E+11,2,0,0,349.06,370
N05SETL/E,N05,SET,L/E,BASIC FACE SET,3882,6.07845E+11,5,0,0,872.64,925
N05SETL/E,N05,SET,L/E,BASIC CLEANSE SET,3878,6.07845E+11,2,0,0,349.06,370
N01CHKBLS,N01,CHK,BLS,BLUSH L.E. STARSCAPE,4056,6.07845E+11,6,0,0,718.87,762
N06SETL/E,N06,SET,L/E,SP15 CHK LIP PLT NRSST,8307,6.07845E+11,2,0,0,420.75,446
N01CHKBLS,N01,CHK,BLS,DUAL INT BLUSH FRENZY,5505,6.07845E+11,9,0,0,"1,485.85","1,575.00"
N01CHKBLS,N01,CHK,BLS,DUAL INT BLUSH CRAVING,5504,6.07845E+11,9,0,0,"1,485.85","1,575.00"
N01CHKBLS,N01,CHK,BLS,DUAL INT BLUSH ADORATION,5503,6.07845E+11,20,0,0,"3,301.89","3,500.00"
N01CHKBLS,N01,CHK,BLS,DUAL INT BLUSH JUBILATION,5502,6.07845E+11,16,0,0,"2,641.51","2,800.00"
N01CHKBLS,N01,CHK,BLS,DUAL INT BLUSH PANIC,5501,6.07845E+11,11,0,0,"1,816.04","1,925.00"
N01CHKBLS,N01,CHK,BLS,DUAL INT BLUSH FERVOR,5500,6.07845E+11,9,0,0,"1,485.85","1,575.00"
N03BRSBLS,N03,BRS,BLS,SU15 WET/DRY BLUSH BRUSH23,1863,6.07845E+11,3,0,0,523.58,555
N01COMPWR,N01,COM,PWR,LOOSE POWDER SV VALLEY,1427,6.07845E+11,1,0,0,141.51,150
N01COMPWR,N01,COM,PWR,LOOSE POWDER SV MOUNTAIN,1425,6.07845E+11,8,0,0,"1,132.08","1,200.00"
N01COMPWR,N01,COM,PWR,LOOSE POWDER SV HEAT,1426,6.07845E+11,2,0,0,283.02,300
N01COMPWR,N01,COM,PWR,LOOSE POWDER SV FLESH,1421,6.07845E+11,18,0,0,"2,547.17","2,700.00"
N01COMPWR,N01,COM,PWR,LOOSE POWDER SV EDEN,1423,6.07845E+11,35,0,0,"4,952.83","5,250.00"
N01COMPWR,N01,COM,PWR,LOOSE POWDER SV DESERT,1422,6.07845E+11,6,0,0,849.06,900
N01COMPWR,N01,COM,PWR,LOOSE POWDER SV BEACH,1424,6.07845E+11,44,1.14,37.5,"6,191.04","6,562.50"
N01COMFDN,N01,COM,FDN,FOUNDATION ADLW VALLAURIS,6438,6.07845E+11,12,0,0,"2,150.94","2,280.00"
N01COMFDN,N01,COM,FDN,FOUNDATION ADLW TAHOE,6443,6.07845E+11,34,14.55,608,"5,520.75","5,852.00"
N01COMFDN,N01,COM,FDN,FOUNDATION ADLW SYRACUSE,6442,6.07845E+11,30,0,0,"5,377.36","5,700.00"
N01COMFDN,N01,COM,FDN,FOUNDATION ADLW STROMBOLI,6440,6.07845E+11,31,0,0,"5,556.60","5,890.00"
N01COMFDN,N01,COM,FDN,FOUNDATION ADLW SIBERIA,6431,6.07845E+11,21,20,608,"3,190.57","3,382.00"
N01COMFDN,N01,COM,FDN,FOUNDATION ADLW SANTA FE,6439,6.07845E+11,28,0,0,"5,018.87","5,320.00"
N01COMFDN,N01,COM,FDN,FOUNDATION ADLW PUNJAB,6437,6.07845E+11,114,10.67,608,"19,860.38","21,052.00"
N01COMFDN,N01,COM,FDN,FOUNDATION ADLW NEW GUINEA,6446,6.07845E+11,3,0,0,537.74,570
N01COMFDN,N01,COM,FDN,FOUNDATION ADLW MONT BLANC,6432,6.07845E+11,14,0,0,"2,509.43","2,660.00"
N01COMFDN,N01,COM,FDN,FOUNDATION ADLW MACAO,6445,6.07845E+11,8,0,0,"1,433.96","1,520.00"
N01COMFDN,N01,COM,FDN,FOUNDATION ADLW KHARTOUM,6450,6.07845E+11,1,0,0,179.25,190
N01COMFDN,N01,COM,FDN,FOUNDATION ADLW GOBI,6433,6.07845E+11,30,0,0,"5,377.36","5,700.00"
N01COMFDN,N01,COM,FDN,FOUNDATION ADLW FIJI,6435,6.07845E+11,57,0,0,"10,216.98","10,830.00"
N01COMFDN,N01,COM,FDN,FOUNDATION ADLW DEAUVILLE,6434,6.07845E+11,38,0,0,"6,811.32","7,220.00"
N01COMFDN,N01,COM,FDN,FOUNDATION ADLW CEYLAN,6436,6.07845E+11,47,0,0,"8,424.53","8,930.00"
N01COMFDN,N01,COM,FDN,FOUNDATION ADLW CADIZ,6444,6.07845E+11,8,0,0,"1,433.96","1,520.00"
N01COMFDN,N01,COM,FDN,FOUNDATION ADLW BENARES,6449,6.07845E+11,2,0,0,358.49,380
N01COMFDN,N01,COM,FDN,FOUNDATION ADLW BARCELONA,6441,6.07845E+11,72,0,0,"12,905.66","13,680.00"
N01CHKBLS,N01,CHK,BLS,BLUSH RECKLESS,4055,6.07845E+11,7,4.17,31.75,808.73,857.25
N01EYEE/S,N01,EYE,E/S,E/S DUO ST-PAUL-DE-VENCE,3902,6.07845E+11,300,0,0,"36,792.45","39,000.00"
N05SETL/E,N05,SET,L/E,E/S PLT LE INOUB C DOEIL,8316,6.07845E+11,2,0,0,283.02,300
N01COMCON,N01,COM,CON,RDT CRM CONCEALER DARK COFFEE,1271,6.07845E+11,1,0,0,108.49,115
N01COMCON,N01,COM,CON,RDT CRM CONCEALER HAZELNUT,1270,6.07845E+11,4,0,0,433.96,460
N01COMCON,N01,COM,CON,RDT CRM CONCEALER CHESNUT,1269,6.07845E+11,17,0,0,"1,844.34","1,955.00"
N01COMCON,N01,COM,CON,RDT CRM CONCEALER MACADAMIA,1268,6.07845E+11,106,1.78,57.5,"11,445.76","12,132.50"
N01COMCON,N01,COM,CON,RDT CRM CONCEALER CANNELLE,1267,6.07845E+11,119,1.04,28.75,"12,883.26","13,656.25"
N01COMCON,N01,COM,CON,RDT CRM CONCEALER CRÈME BRULEE,1266,6.07845E+11,168,0,0,"18,226.42","19,320.00"
N01CHKBLS,N01,CHK,BLS,BLUSH CONTOUR TALIA,5185,6.07845E+11,1,25,41.25,116.75,123.75
N01CHKBLS,N01,CHK,BLS,BLUSH CONTOUR MELINA,5184,6.07845E+11,2,0,0,311.32,330
N01EYEE/S,N01,EYE,E/S,E/S INTENSITY ARCTURUS,1948,6.07845E+11,3,0,0,316.98,336
N01EYEE/S,N01,EYE,E/S,E/S INTENSITY RIGEL,1947,6.07845E+11,19,0,0,"2,007.55","2,128.00"
N01EYEE/S,N01,EYE,E/S,E/S INTENSITY ANTARES,1946,6.07845E+11,3,0,0,316.98,336
N01LIPL/P,N01,LIP,L/P,L/P V/MATTE CONSUMING RED,2480,6.07845E+11,59,0,0,"5,343.40","5,664.00"
N05SETL/E,N05,SET,L/E,NUDE SURVIVAL KIT SU16 LE,8411,6.07845E+11,7,0,0,"1,584.91","1,680.00"
N05SETL/E,N05,SET,L/E,CORAL SURVIVAL KIT SU16 LE,8412,6.07845E+11,5,0,0,"1,132.08","1,200.00"
N05SETL/E,N05,SET,L/E,413 BLKR PALETTE SU16 LE,8417,6.07845E+11,5,0,0,"1,132.08","1,200.00"
N01EYEE/S,N01,EYE,E/S,E/S VELVET LE FLIBUSTE,8250,6.07845E+11,1,0,0,105.66,112
N01LIPL/S,N01,LIP,L/S,L/S DDLY CATCH,9612,6.07845E+11,1,0,0,91.51,97
N03OTHACC,N03,OTH,ACC,SETTING PWDR PUFF,1837,6.07845E+11,26,0,0,515.09,546
N03OTHACC,N03,OTH,ACC,FOUNDATION SPONGE GLOBAL,6290,6.07845E+11,1,0,0,19.81,21
N03OTHACC,N03,OTH,ACC,FOUNDATION POW LUM COMPACT,6270,6.07845E+11,25,0,0,"1,179.25","1,250.00"
N02SKITRT,N02,SKI,TRT,NIGHT TREATMENT,4812,6.07845E+11,11,20,127.6,"3,190.00","3,381.40"
N01EYEE/S,N01,EYE,E/S,E/S DUO QUAI DES BRUMES LE,3905,6.07845E+11,1,0,0,122.64,130
N05SETL/E,N05,SET,L/E,LOOK CLOSER PLT HO16 LE,8332,6.07845E+11,4,0,0,716.98,760
N05SETL/E,N05,SET,L/E,NON-FICTION PLT HO16 LE,8418,6.07845E+11,24,0,0,"5,320.75","5,640.00"
N05SETL/E,N05,SET,L/E,THOUSAND WORLDS PLT HO16 LE,8421,6.07845E+11,11,0,0,"1,867.92","1,980.00"
N05SETL/E,N05,SET,L/E,SHADOW SIDE PLT HO16 LE,8422,6.07845E+11,3,0,0,438.68,465
N01EYEBRO,N01,EYE,BRO,BROW CREAM SONORAN,1170,6.07845E+11,1,0,0,84.91,90
N01COMFDN,N01,COM,FDN,FOUNDATION POW LUM BARCELONA,6281,6.07845E+11,4,0,0,528.3,560
N01COMFDN,N01,COM,FDN,FOUNDATION POW LUM SANTA FE,6279,6.07845E+11,11,0,0,"1,452.83","1,540.00"
N01COMFDN,N01,COM,FDN,FOUNDATION POW LUM FIJI,6275,6.07845E+11,3,0,0,396.23,420
N01COMFDN,N01,COM,FDN,FOUNDATION POW LUM DEAUVILLE,6274,6.07845E+11,11,0,0,"1,452.83","1,540.00"
N01COMFDN,N01,COM,FDN,FOUNDATION LUM MONT BLANC,6272,6.07845E+11,3,0,0,396.23,420
N01LIPL/L,N01,LIP,L/L,L/L VELVET LANIKAI,9042,6.07845E+11,1,0,0,85.85,91
N01LIPL/L,N01,LIP,L/L,L/L VELVET EL AGUA,9034,6.07845E+11,2,0,0,171.7,182
N01LIPL/S,N01,LIP,L/S,L/S AUD EX INGRID,9492,6.07845E+11,6,0,0,622.64,660
N01LIPL/S,N01,LIP,L/S,L/S AUD EX SANDRA,9491,6.07845E+11,8,0,0,830.19,880
N01LIPL/S,N01,LIP,L/S,L/S AUD EX VIVIEN,9490,6.07845E+11,9,0,0,933.96,990
N01LIPL/S,N01,LIP,L/S,L/S AUD EX SILVIA,9489,6.07845E+11,4,0,0,415.09,440
N01LIPL/S,N01,LIP,L/S,L/S AUD EX DOMINIQUE,9488,6.07845E+11,2,0,0,207.55,220
N01LIPL/S,N01,LIP,L/S,L/S AUD EX CARMEN,9487,6.07845E+11,28,0,0,"2,905.66","3,080.00"
N01LIPL/S,N01,LIP,L/S,L/S AUD EX KELLY,9486,6.07845E+11,42,0,0,"4,358.49","4,620.00"
N01LIPL/S,N01,LIP,L/S,L/S AUD EX MARISA,9485,6.07845E+11,5,0,0,518.87,550
N01LIPL/S,N01,LIP,L/S,L/S AUD EX JULIE,9484,6.07845E+11,17,0,0,"1,764.15","1,870.00"
N01LIPL/S,N01,LIP,L/S,L/S AUD EX VANESSA,9483,6.07845E+11,14,0,0,"1,452.83","1,540.00"
N01LIPL/S,N01,LIP,L/S,L/S AUD LIV,9479,6.07845E+11,3,25,55,259.43,275
N01LIPL/S,N01,LIP,L/S,L/S AUD BETTE,9478,6.07845E+11,31,0,0,"3,216.98","3,410.00"
N01LIPL/S,N01,LIP,L/S,L/S AUD DEBORAH,9477,6.07845E+11,47,0,0,"4,877.36","5,170.00"
N01LIPL/S,N01,LIP,L/S,L/S AUD NATALIE,9467,6.07845E+11,18,4.17,27.5,"1,841.98","1,952.50"
N01LIPL/S,N01,LIP,L/S,L/S AUD JULIETTE,9466,6.07845E+11,37,0,0,"3,839.62","4,070.00"
N01LIPL/S,N01,LIP,L/S,L/S AUD CATHERINE,9465,6.07845E+11,41,0,0,"4,254.72","4,510.00"
N01LIPL/S,N01,LIP,L/S,L/S AUD RAQUEL,9464,6.07845E+11,13,0,0,"1,349.06","1,430.00"
N01LIPL/S,N01,LIP,L/S,L/S AUD BARBARA,9463,6.07845E+11,21,0,0,"2,179.25","2,310.00"
N01LIPL/S,N01,LIP,L/S,L/S AUD BRIGITTE,9462,6.07845E+11,94,0,0,"9,754.72","10,340.00"
N01LIPL/S,N01,LIP,L/S,L/S AUD JANE,9461,6.07845E+11,15,0,0,"1,556.60","1,650.00"
N01LIPL/S,N01,LIP,L/S,L/S AUD ANITA,9460,6.07845E+11,131,0,0,"13,594.34","14,410.00"
N01LIPL/S,N01,LIP,L/S,L/S AUD ANNA,9459,6.07845E+11,22,0,0,"2,283.02","2,420.00"
N01LIPL/S,N01,LIP,L/S,L/S AUD AUDREY,9458,6.07845E+11,36,0,0,"3,735.85","3,960.00"
N01LIPL/S,N01,LIP,L/S,L/S AUD CHARLOTTE,9457,6.07845E+11,22,0,0,"2,283.02","2,420.00"
N01LIPL/S,N01,LIP,L/S,L/S AUD VERA,9456,6.07845E+11,18,0,0,"1,867.92","1,980.00"
N01LIPL/S,N01,LIP,L/S,L/S AUD FANNY,9455,6.07845E+11,4,0,0,415.09,440
N01LIPL/S,N01,LIP,L/S,L/S AUD JANET,9454,6.07845E+11,11,0,0,"1,141.51","1,210.00"
N01LIPL/S,N01,LIP,L/S,L/S AUD ANGELA,9453,6.07845E+11,6,0,0,622.64,660
N01LIPL/S,N01,LIP,L/S,L/S AUD GRETA,9452,6.07845E+11,13,0,0,"1,349.06","1,430.00"
N01LIPL/S,N01,LIP,L/S,L/S AUD MICHIYO,9451,6.07845E+11,1,0,0,103.77,110
N01LIPL/S,N01,LIP,L/S,L/S AUD CLAUDIA,9450,6.07845E+11,8,0,0,830.19,880
N03BRKBK,N03,BRK,BK,KABUKI KUDOKI,1859,6.07845E+11,1,0,0,139.62,148
N03BRKBK,N03,BRK,BK,KABUKI MIZUBAKE,1860,6.07845E+11,3,0,0,628.3,666
N03BRKBK,N03,BRK,BK,KABUKI MIE,1861,6.07845E+11,7,0,0,"1,750.00","1,855.00"
N01CHKBLS,N01,CHK,BLS,BLUSH UNLAWFUL,4045,6.07845E+11,8,0,0,958.49,"1,016.00"
N01M/UMPL,N01,M/U,MPL,THE MULTIPLE MAT MAURITANIE,1587,6.07845E+11,5,0,0,721.7,765
N01NILN/P,N01,NIL,N/P,NAIL POLISH CHINATOWN,3636,6.07845E+11,4,0,0,260.38,276
N01NILN/P,N01,NIL,N/P,NAIL POLISH OBSCURA,3668,6.07845E+11,1,0,0,65.09,69
N01NILN/P,N01,NIL,N/P,NAIL POLISH THASOS,3655,6.07845E+11,2,0,0,130.19,138
N01NILN/P,N01,NIL,N/P,NAIL POLISH FEARLESS,3654,6.07845E+11,1,0,0,65.09,69
N01NILN/P,N01,NIL,N/P,NAIL POLISH PURPLE RAIN,3635,6.07845E+11,2,0,0,130.19,138
N01NILN/P,N01,NIL,N/P,NAIL POLISH BASE COAT,3627,6.07845E+11,2,0,0,130.19,138
N01LIPL/G,N01,LIP,L/G,LIPGLOSS SIXTIES FAN,1692,6.07845E+11,1,0,0,90.57,96
N03BRSEYE,N03,BRS,EYE,#49 WET/DRY E/S BRUSH,1862,6.07845E+11,2,0,0,235.85,250
N01EYEE/S,N01,EYE,E/S,E/S INTENSITY SUBRA,1936,6.07845E+11,2,0,0,211.32,224
N01EYEE/S,N01,EYE,E/S,E/S INTENSITY GIOVE,1935,6.07845E+11,2,0,0,211.32,224
N01EYEE/S,N01,EYE,E/S,E/S INTENSITY PHOEBE,1934,6.07845E+11,2,0,0,211.32,224
N01EYEE/S,N01,EYE,E/S,E/S INTENSITY SYCORAX,1933,6.07845E+11,2,0,0,211.32,224
N01EYEE/S,N01,EYE,E/S,E/S INTENSITY HIMALIA,1931,6.07845E+11,5,0,0,528.3,560
N01EYEE/S,N01,EYE,E/S,E/S INTENSITY CALLISTO,1929,6.07845E+11,7,0,0,739.62,784
N01EYEE/S,N01,EYE,E/S,E/S INTENSITY EUROPA,1926,6.07845E+11,2,0,0,211.32,224
N01M/UILU,N01,M/U,ILU,ILLUMINATOR HOT SAND,2344,6.07845E+11,13,0,0,"1,434.91","1,521.00"
N01LIPL/G,N01,LIP,L/G,LIPGLOSS R. TASMANIA,1689,6.07845E+11,1,0,0,90.57,96
N01LIPL/G,N01,LIP,L/G,LIPGLOSS R. BELIZE,1680,6.07845E+11,3,0,0,271.7,288
N01LIPL/G,N01,LIP,L/G,LIPGLOSS R. SUPERVIXEN,1678,6.07845E+11,3,0,0,271.7,288
N01LIPL/G,N01,LIP,L/G,LIPGLOSS R. GREEK HOLIDAY,1677,6.07845E+11,4,0,0,362.26,384
N01LIPL/G,N01,LIP,L/G,LIPGLOSS R. DOLCE VITA,1676,6.07845E+11,7,0,0,633.96,672
N01LIPL/G,N01,LIP,L/G,LIPGLOSS R. 1675,1675,6.07845E+11,1,0,0,90.57,96
N01LIPL/G,N01,LIP,L/G,LIPGLOSS R. RISKY BUSINESS,1674,6.07845E+11,3,0,0,271.7,288
N01LIPL/G,N01,LIP,L/G,LIPGLOSS R. 1673,1673,6.07845E+11,10,0,0,905.66,960
N01LIPL/G,N01,LIP,L/G,LIPGLOSS R. STOLEN KISSES,1672,6.07845E+11,4,0,0,362.26,384
N01LIPL/G,N01,LIP,L/G,LIPGLOSS R. 1671,1671,6.07845E+11,10,0,0,905.66,960
N01LIPL/G,N01,LIP,L/G,LIPGLOSS R. CHIHUAHUA,1669,6.07845E+11,4,0,0,362.26,384
N01LIPL/G,N01,LIP,L/G,LIPGLOSS R. TURKISH DELIGHT,1668,6.07845E+11,2,0,0,181.13,192
N01LIPL/G,N01,LIP,L/G,LIPGLOSS R. TRIPLE X,1664,6.07845E+11,5,20,38.4,416.6,441.6
N01M/UILU,N01,M/U,ILU,ILLUMINATOR 413BLKR,2345,6.07845E+11,2,0,0,220.75,234
N03BRKBK,N03,BRK,BK,KABUKI ITA,1858,6.07845E+11,23,0,0,"4,816.98","5,106.00"
N03BRKBK,N03,BRK,BK,KABUKI YACHIYO,1856,6.07845E+11,31,0,0,"6,492.45","6,882.00"
N03BRSBRS,N03,BRS,BRS,#41 DIFFUSING BRUSH,1854,6.07845E+11,3,0,0,367.92,390
N03BRSBRS,N03,BRS,BRS,#13 PRECISION BLEND BRUSH,1853,6.07845E+11,1,0,0,108.49,115
N03BRSBRS,N03,BRS,BRS,#47 ANGLED EYELINER BRUSH,1852,6.07845E+11,6,0,0,707.55,750
N03BRSBRS,N03,BRS,BRS,#30 PRECISION LIP BRUSH,1851,6.07845E+11,8,0,0,867.92,920
N03BRSBRS,N03,BRS,BRS,#48 BROW DEFINING BRUSH,1850,6.07845E+11,10,0,0,"1,084.91","1,150.00"
N03BRSBRS,N03,BRS,BRS,#44 PRECISION CONTOUR BRUSH,1849,6.07845E+11,9,0,0,"1,061.32","1,125.00"
N03BRSBRS,N03,BRS,BRS,#21 CONTOUR BRUSH,1848,6.07845E+11,19,0,0,"3,316.04","3,515.00"
N03BRSBRS,N03,BRS,BRS,#43 WIDE CONTOUR E/S BRUSH,1846,6.07845E+11,7,0,0,858.49,910
N03BRSBRS,N03,BRS,BRS,#20 BLUSH BRUSH,1845,6.07845E+11,4,0,0,698.11,740
N03BRSBRS,N03,BRS,BRS,#10 POWDER BRUSH,1844,6.07845E+11,4,0,0,837.74,888
N03BRSBRS,N03,BRS,BRS,#42 BLENDING E/S BRUSH,1843,6.07845E+11,7,0,0,858.49,910
N03BRSBRS,N03,BRS,BRS,#46 PUSH EYELINER BRUSH,1842,6.07845E+11,1,0,0,117.92,125
N03BRSBRS,N03,BRS,BRS,#45 SMUDGE BRUSH,1841,6.07845E+11,0,0,0,0,0
N03BRSBRS,N03,BRS,BRS,#40 EYESHADOW BRUSH,1840,6.07845E+11,4,0,0,490.57,520
N03BRSBRS,N03,BRS,BRS,#11 B/Z POWDER BRUSH,1839,6.07845E+11,2,0,0,418.87,444
N01M/UMPL,N01,M/U,MPL,THE MULTIPLE MAT CAPPADOCE,1586,6.07845E+11,1,0,0,144.34,153
N01M/UMPL,N01,M/U,MPL,THE MULTIPLE MAT VIENTIANE,1585,6.07845E+11,5,0,0,721.7,765
N01M/UMPL,N01,M/U,MPL,THE MULTIPLE MAT LAOS,1583,6.07845E+11,4,0,0,577.36,612
N01M/UMPL,N01,M/U,MPL,THE MULTIPLE MAT SIAM,1582,6.07845E+11,1,0,0,144.34,153
N01M/UMPL,N01,M/U,MPL,THE MULTIPLE MAT EXUMAS,1581,6.07845E+11,6,0,0,866.04,918
N01M/UMPL,N01,M/U,MPL,THE MULTIPLE MAT ANGUILLA,1580,6.07845E+11,3,0,0,433.02,459
N01CHKBLS,N01,CHK,BLS,BLUSH CONTOUR GIENAH,5182,6.07845E+11,10,0,0,"1,556.60","1,650.00"
N01CHKBLS,N01,CHK,BLS,BLUSH CONTOUR PALOMA,5181,6.07845E+11,21,0,0,"3,268.87","3,465.00"
N01CHKBLS,N01,CHK,BLS,BLUSH CONTOUR OLYMPIA,5180,6.07845E+11,17,0,0,"2,646.23","2,805.00"
N01M/UMPL,N01,M/U,MPL,THE MULTIPLE NA PALI COAST,1526,6.07845E+11,1,0,0,144.34,153
N01EYEE/S,N01,EYE,E/S,E/S DUO KAUAI,3097,6.07845E+11,3,0,0,367.92,390
N01COMCON,N01,COM,CON,RDT CRM CONCEALER VANILLA,1232,6.07845E+11,240,0.96,28.75,"26,010.61","27,571.25"
N01COMCON,N01,COM,CON,RDT CRM CONCEALER HONEY,1233,6.07845E+11,118,0,0,"12,801.89","13,570.00"
N01COMCON,N01,COM,CON,RDT CRM CONCEALER CUSTARD,1234,6.07845E+11,417,0.16,28.75,"45,213.45","47,926.25"
N03OTHCAN,N03,OTH,CAN,CANDLES ORAN,1302,6.07845E+11,1,0,0,220.75,234
N03OTHACC,N03,OTH,ACC,FOUNDATION PUMP,1832,6.07845E+11,551,0.73,21,"10,896.23","11,550.00"
N03OTHACC,N03,OTH,ACC,PENCIL SHARPENER,9910,6.07845E+11,348,0.57,5.25,"6,889.39","7,302.75"
N03OTHACC,N03,OTH,ACC,EYELASH CURLER,1830,6.07845E+11,3,0,0,226.42,240
N02SKIRMV,N02,SKI,RMV,MAKEUP REMOVING WATER,2251,6.07845E+11,16,0,0,"2,007.55","2,128.00"
N02SKIRMV,N02,SKI,RMV,GENTLE O/F EYE MAKEUP RMVR,2250,6.07845E+11,35,10.12,75,"3,231.13","3,425.00"
N02SKIMAS,N02,SKI,MAS,AQUA GEL LUMINOUS MASK,4810,6.07845E+11,54,0,0,"7,845.28","8,316.00"
N02SKIEXF,N02,SKI,EXF,DOUBLE REFINING EXFOLIATOR,4803,6.07845E+11,1,0,0,139.62,148
N02SKIMOI,N02,SKI,MOI,LUMINOUS MOISTURE CREAM,4806,6.07845E+11,21,0,0,"4,754.72","5,040.00"
N02SKIMOI,N02,SKI,MOI,AQUA GEL LUM O/F MOIST,4807,6.07845E+11,48,0,0,"9,645.28","10,224.00"
N02SKITON,N02,SKI,TON,MULTI-ACTION HYDRATING TONER,4804,6.07845E+11,146,1.06,70,"19,216.98","20,370.00"
N01COMPRI,N01,COM,PRI,LIGHT OPTIMIZING PRIMER SPF 15,2221,6.07845E+11,1,0,0,145.28,154
N01COMPRI,N01,COM,PRI,PORE-REFINING PRIMER,2217,6.07845E+11,1,25,38.5,108.96,115.5
N01COMCON,N01,COM,CON,RDT CRM  CONCEALER  GINGER,1235,6.07845E+11,257,0.39,23,"27,860.38","29,532.00"
N01COMCON,N01,COM,CON,RDT CRM  CONCEALER  CHANTILLY,1231,6.07845E+11,44,0,0,"4,773.59","5,060.00"
N01COMCON,N01,COM,CON,RDT CRM  CONCEALER  AMANDE,1238,6.07845E+11,24,0,0,"2,603.77","2,760.00"
N01COMCON,N01,COM,CON,CONCEALER STICK  VANILLA,1209,6.07845E+11,3,0,0,311.32,330
N01COMCON,N01,COM,CON,CONCEALER STICK  HONEY,1210,6.07845E+11,2,0,0,207.55,220
N01COMCON,N01,COM,CON,CONCEALER STICK  GINGER,1212,6.07845E+11,3,0,0,311.32,330
N01COMCON,N01,COM,CON,CONCEALER STICK  AMANDE,1215,6.07845E+11,2,0,0,207.55,220
N01COMPWR,N01,COM,PWR,LIGHT REFLECT SETTING POWDER,1410,6.07845E+11,184,0.29,37.5,"26,002.36","27,562.50"
N01COMPWR,N01,COM,PWR,PRESSED POWDER MOUNTAIN,5007N,6.07845E+11,33,0,0,"4,669.81","4,950.00"
N01COMPWR,N01,COM,PWR,PRESSED POWDER HEAT,5004N,6.07845E+11,3,0,0,424.53,450
N01COMPWR,N01,COM,PWR,PRESSED POWDER FLESH,5002N,6.07845E+11,10,0,0,"1,415.09","1,500.00"
N01COMPRT,N01,COM,PRT,PRTM TERRE-NEUVE,2333,6.07845E+11,12,0,0,"1,981.13","2,100.00"
N01COMPRT,N01,COM,PRT,PRTM ST.MORITZ,2324,6.07845E+11,35,0,0,"5,778.30","6,125.00"
N01COMPRT,N01,COM,PRT,PRTM MALAGA,2326,6.07845E+11,3,0,0,495.28,525
N01COMPRT,N01,COM,PRT,PRTM GROENLAND,2334,6.07845E+11,15,0,0,"2,476.42","2,625.00"
N01COMPRT,N01,COM,PRT,PRTM FINLAND,2321,6.07845E+11,36,0,0,"5,943.40","6,300.00"
N01COMPRT,N01,COM,PRT,PRTM CUBA,2325,6.07845E+11,1,0,0,165.09,175
N01COMPRT,N01,COM,PRT,PRTM ANNAPURNA,2323,6.07845E+11,6,0,0,990.57,"1,050.00"
N01COMPRT,N01,COM,PRT,PRTM ALASKA,2322,6.07845E+11,25,3.57,43.75,"4,086.08","4,331.25"
N01COMRCF,N01,COM,RCF,FOUNDATION RAD CRM  STROMBOLI,6310,6.07845E+11,1,0,0,150.94,160
N01COMRCF,N01,COM,RCF,FOUNDATION RAD CRM  FIJI,6305,6.07845E+11,1,0,0,150.94,160
N01COMFDN,N01,COM,FDN,FOUNDATION SHR GLW  VALLAURIS,6410,6.07845E+11,19,6.25,46.25,"3,272.41","3,468.75"
N01COMFDN,N01,COM,FDN,FOUNDATION SHR GLW  NEW ORLEAN,6414,6.07845E+11,1,0,0,174.53,185
N01COMFDN,N01,COM,FDN,FOUNDATION SHR GLW  TAHOE,6049,6.07845E+11,29,0,0,"5,061.32","5,365.00"
N01COMFDN,N01,COM,FDN,FOUNDATION SHR GLW  SYRACUSE,6048,6.07845E+11,24,0,0,"4,188.68","4,440.00"
N01COMFDN,N01,COM,FDN,FOUNDATION SHR GLW  STROMBOLI,6047,6.07845E+11,80,1.56,46.25,"13,918.63","14,753.75"
N01COMFDN,N01,COM,FDN,FOUNDATION SHR GLW  SIBERIA,6040,6.07845E+11,27,5,46.25,"4,668.63","4,948.75"
N01COMFDN,N01,COM,FDN,FOUNDATION SHR GLW  SANTA FE,6045,6.07845E+11,41,0,0,"7,155.66","7,585.00"
N01COMFDN,N01,COM,FDN,FOUNDATION SHR GLW  PUNJAB,6043,6.07845E+11,193,1.32,92.5,"33,596.70","35,612.50"
N01COMFDN,N01,COM,FDN,FOUNDATION SHR GLW  MONT BLANC,6042,6.07845E+11,38,0,0,"6,632.08","7,030.00"
N01COMFDN,N01,COM,FDN,FOUNDATION SHR GLW  MACAO,6058,6.07845E+11,1,0,0,174.53,185
N01COMFDN,N01,COM,FDN,FOUNDATION SHR GLW  GOBI,6056,6.07845E+11,25,0,0,"4,363.21","4,625.00"
N01COMFDN,N01,COM,FDN,FOUNDATION SHR GLW  FIJI,6044,6.07845E+11,102,0,0,"17,801.89","18,870.00"
N01COMFDN,N01,COM,FDN,FOUNDATION SHR GLW  DEAUVILLE,6041,6.07845E+11,105,0,0,"18,325.47","19,425.00"
N01COMFDN,N01,COM,FDN,FOUNDATION SHR GLW  CEYLAN,6057,6.07845E+11,145,2.35,138.75,"25,175.71","26,686.25"
N01COMFDN,N01,COM,FDN,FOUNDATION SHR GLW  CADIZ,6050,6.07845E+11,6,0,0,"1,047.17","1,110.00"
N01COMFDN,N01,COM,FDN,FOUNDATION SHR GLW  BARCELONA,6046,6.07845E+11,76,0,0,"13,264.15","14,060.00"
N01M/UILU,N01,M/U,ILU,ILLUMINATOR  COPACABANA,2336,6.07845E+11,51,0,0,"5,629.25","5,967.00"
N01M/UMPL,N01,M/U,MPL,THE MULTIPLE  SOUTH BEACH,1503N,6.07845E+11,5,0,0,721.7,765
N01M/UMPL,N01,M/U,MPL,THE MULTIPLE  RIVIERA,1516N,6.07845E+11,11,0,0,"1,587.74","1,683.00"
N01M/UMPL,N01,M/U,MPL,THE MULTIPLE  PORTOFINO,1511N,6.07845E+11,19,0,0,"2,742.45","2,907.00"
N01M/UMPL,N01,M/U,MPL,THE MULTIPLE 1517,1517,6.07845E+11,52,0,0,"7,505.66","7,956.00"
N01M/UMPL,N01,M/U,MPL,THE MULTIPLE  LUXOR,1520,6.07845E+11,1,0,0,144.34,153
N01M/UMPL,N01,M/U,MPL,THE MULTIPLE 1521,1521,6.07845E+11,4,0,0,577.36,612
N01M/UMPL,N01,M/U,MPL,THE MULTIPLE  COPACABANA,1501N,6.07845E+11,43,0.96,38.25,"6,170.52","6,540.75"
N01CHKB/Z,N01,CHK,B/Z,B/Z POWDER LAGUNA,5101,6.07845E+11,94,0.57,43.75,"15,477.59","16,406.25"
N01CHKB/Z,N01,CHK,B/Z,B/Z POWDER CASINO,5102,6.07845E+11,13,0,0,"2,146.23","2,275.00"
N01CHKH/L,N01,CHK,H/L,H/LIGHT BLS  NEW ORDER,5132,6.07845E+11,2,0,0,239.62,254
N01CHKH/L,N01,CHK,H/L,H/LIGHT BLS  MISS LIBERTY,5133,6.07845E+11,5,0,0,599.06,635
N01CHKH/L,N01,CHK,H/L,H/LIGHT BLS ALBATROSS,5131N,6.07845E+11,5,0,0,599.06,635
N01CHKBLS,N01,CHK,BLS,BLUSH  TORRID,4017N,6.07845E+11,22,0,0,"2,635.85","2,794.00"
N01CHKBLS,N01,CHK,BLS,BLUSH  TAOS,4022,6.07845E+11,22,0,0,"2,635.85","2,794.00"
N01CHKBLS,N01,CHK,BLS,BLUSH 4030,4030,6.07845E+11,17,0,0,"2,036.79","2,159.00"
N01CHKBLS,N01,CHK,BLS,BLUSH  SIN,4014N,6.07845E+11,3,0,0,359.43,381
N01CHKBLS,N01,CHK,BLS,BLUSH 4033,4033,6.07845E+11,101,0,0,"12,100.94","12,827.00"
N01CHKBLS,N01,CHK,BLS,BLUSH  SEDUCTION,4037,6.07845E+11,2,0,0,239.62,254
N01CHKBLS,N01,CHK,BLS,BLUSH  OUTLAW,4018,6.07845E+11,16,0,0,"1,916.98","2,032.00"
N01CHKBLS,N01,CHK,BLS,BLUSH  4013N,4013N,6.07845E+11,785,0.75,120.65,"93,938.07","99,574.35"
N01CHKBLS,N01,CHK,BLS,BLUSH  OASIS,4028N,6.07845E+11,3,0,0,359.43,381
N01CHKBLS,N01,CHK,BLS,BLUSH  NICO,4024,6.07845E+11,1,0,0,119.81,127
N01CHKBLS,N01,CHK,BLS,BLUSH  MATA HARI,4004N,6.07845E+11,8,0,0,958.49,"1,016.00"
N01CHKBLS,N01,CHK,BLS,BLUSH  MADLY,4026,6.07845E+11,4,0,0,479.25,508
N01CHKBLS,N01,CHK,BLS,BLUSH  LUSTER,4029N,6.07845E+11,15,0,0,"1,797.17","1,905.00"
N01CHKBLS,N01,CHK,BLS,BLUSH  LOVEJOY,4019N,6.07845E+11,7,0,0,838.68,889
N01CHKBLS,N01,CHK,BLS,BLUSH  GINA,4007N,6.07845E+11,32,0,0,"3,833.96","4,064.00"
N01CHKBLS,N01,CHK,BLS,BLUSH  EXHIBIT A,4015N,6.07845E+11,13,0,0,"1,557.55","1,651.00"
N01CHKBLS,N01,CHK,BLS,BLUSH  DOLCE VITA,4031N,6.07845E+11,37,0,0,"4,433.02","4,699.00"
N01CHKBLS,N01,CHK,BLS,BLUSH  DESIRE,4001N,6.07845E+11,14,0,0,"1,677.36","1,778.00"
N01CHKBLS,N01,CHK,BLS,BLUSH 4016N,4016N,6.07845E+11,209,0,0,"25,040.57","26,543.00"
N01CHKBLS,N01,CHK,BLS,BLUSH  ANGELIKA,4023,6.07845E+11,10,0,0,"1,198.11","1,270.00"
N01CHKBLS,N01,CHK,BLS,BLUSH  AMOUR,4005N,6.07845E+11,19,0,0,"2,276.42","2,413.00"
N01EYEBRO,N01,EYE,BRO,BROW PERFECTOR  KALAMATA,1127,6.07845E+11,14,0,0,"1,188.68","1,260.00"
N01EYEBRO,N01,EYE,BRO,BROW PERFECTOR  CAUCASE,1126,6.07845E+11,38,1.32,22.5,"3,205.19","3,397.50"
N01EYEBRO,N01,EYE,BRO,BROW PERFECTOR  SURINAME,1125,6.07845E+11,8,0,0,679.25,720
N01EYEBRO,N01,EYE,BRO,BROW GEL  OURAL,1153,6.07845E+11,2,0,0,169.81,180
N01EYEBRO,N01,EYE,BRO,BROW GEL  ATHENS,1152,6.07845E+11,1,0,0,84.91,90
N01EYEBRO,N01,EYE,BRO,BROW GEL  PIRAEUS,1151,6.07845E+11,2,0,0,169.81,180
N01EYEBRO,N01,EYE,BRO,BROW GEL  KINSHASA,1150,6.07845E+11,14,0,0,"1,188.68","1,260.00"
N01EYEE/L,N01,EYE,E/L,E/L LTL LW VIA VENETO,8051,6.07845E+11,71,0,0,"6,698.11","7,100.00"
N01EYEE/L,N01,EYE,E/L,E/L LTL LW VIA DE' MARTELLI,8066,6.07845E+11,25,2.78,50,"2,311.32","2,450.00"
N01EYEE/L,N01,EYE,E/L,E/L LTL LW VIA APPIA,8053,6.07845E+11,12,0,0,"1,132.08","1,200.00"
N01EYEE/L,N01,EYE,E/L,E/L LTL LW RUE SAINT HONORE,8057,6.07845E+11,6,0,0,566.04,600
N01EYEE/L,N01,EYE,E/L,E/L LTL LW RUE DE RIVOLI,8059,6.07845E+11,3,0,0,283.02,300
N01EYEE/L,N01,EYE,E/L,E/L LTL LW RUE BONAPARTE,8056,6.07845E+11,6,0,0,566.04,600
N01EYEE/L,N01,EYE,E/L,E/L LTL LW MADISON AVENUE,8058,6.07845E+11,2,0,0,188.68,200
N01EYEE/L,N01,EYE,E/L,E/L STYLO NUKU HIVA,8127,6.07845E+11,4,0,0,415.09,440
N01EYEE/L,N01,EYE,E/L,E/L STYLO KOALA,8129,6.07845E+11,9,0,0,933.96,990
N01EYEE/L,N01,EYE,E/L,E/L STYLO CARPATES,8126,6.07845E+11,73,0,0,"7,575.47","8,030.00"
N01EYEE/L,N01,EYE,E/L,E/L STYLO ATLANTIC,8128,6.07845E+11,3,0,0,311.32,330
N01EYEE/L,N01,EYE,E/L,E/L PENCIL MAMBO,8002,6.07845E+11,6,0,0,509.43,540
N01EYEE/P,N01,EYE,E/P,EYE PAINT MESOPOTAMIA,8142,6.07845E+11,3,0,0,285.85,303
N01EYEE/P,N01,EYE,E/P,EYE PAINT BLACK VALLEY,8141,6.07845E+11,8,0,0,762.26,808
N01EYEE/S,N01,EYE,E/S,E/S DUO TOKYO,3017N,6.07845E+11,2,0,0,245.28,260
N01EYEE/S,N01,EYE,E/S,E/S DUO SURABAYA,3045,6.07845E+11,86,1.35,65,"10,485.85","11,115.00"
N01EYEE/S,N01,EYE,E/S,E/S DUO SUGARLAND,3054,6.07845E+11,5,0,0,613.21,650
N01EYEE/S,N01,EYE,E/S,E/S DUO SILK ROAD,3077,6.07845E+11,14,0,0,"1,716.98","1,820.00"
N01EYEE/S,N01,EYE,E/S,E/S DUO PORTOBELLO,3063,6.07845E+11,1,0,0,122.64,130
N01EYEE/S,N01,EYE,E/S,E/S DUO NOUVEAU MONDE,3083,6.07845E+11,1,0,0,122.64,130
N01EYEE/S,N01,EYE,E/S,E/S DUO KUALA LUMPUR,3079,6.07845E+11,931,0,0,"114,179.25","121,030.00"
N01EYEE/S,N01,EYE,E/S,E/S DUO KEY LARGO,3018N,6.07845E+11,1,0,0,122.64,130
N01EYEE/S,N01,EYE,E/S,E/S DUO KALAHARI,3057,6.07845E+11,12,0,0,"1,471.70","1,560.00"
N01EYEE/S,N01,EYE,E/S,E/S DUO ISOLDE,3067,6.07845E+11,58,0,0,"7,113.21","7,540.00"
N01EYEE/S,N01,EYE,E/S,E/S DUO CORDURA,3070,6.07845E+11,71,0,0,"8,707.55","9,230.00"
N01EYEE/S,N01,EYE,E/S,E/S DUO BRUMES,3075,6.07845E+11,1,0,0,122.64,130
N01EYEE/S,N01,EYE,E/S,E/S DUO BROUSSE,3074,6.07845E+11,2,0,0,245.28,260
N01EYEE/S,N01,EYE,E/S,E/S DUO BOUTHAN,3093,6.07845E+11,9,0,0,"1,103.77","1,170.00"
N01EYEE/S,N01,EYE,E/S,E/S DUO BELLISSIMA,3020N,6.07845E+11,2,0,0,245.28,260
N01EYEE/S,N01,EYE,E/S,E/S DUO ALL ABOUT EVE,3014N,6.07845E+11,1,0,0,122.64,130
N01EYEE/S,N01,EYE,E/S,E/S DUO ALHAMBRA,3065,6.07845E+11,4,0,0,490.57,520
N01EYEE/S,N01,EYE,E/S,E/S SG NIGHT NIGHT STAR,2037N,6.07845E+11,1,0,0,94.34,100
N01EYEE/S,N01,EYE,E/S,E/S SG NIGHT NIGHT PORTER,2032N,6.07845E+11,1,0,0,94.34,100
N01EYEE/S,N01,EYE,E/S,E/S SG SHIMMER STRADA,2054,6.07845E+11,2,0,0,188.68,200
N01EYEE/S,N01,EYE,E/S,E/S SG SHIMMER NEPAL,2016N,6.07845E+11,4,12.5,25,353.77,375
N01EYEE/S,N01,EYE,E/S,E/S SG SHIMMER MEKONG,2068,6.07845E+11,1,0,0,94.34,100
N01EYEE/S,N01,EYE,E/S,E/S SG SHIMMER GOLDFINGER,2008N,6.07845E+11,2,0,0,188.68,200
N01EYEE/S,N01,EYE,E/S,E/S SG SHIMMER GALAPAGOS,2060,6.07845E+11,12,14.58,50,"1,084.91","1,150.00"
N01EYEE/S,N01,EYE,E/S,E/S SG SHIMMER FEZ,2061,6.07845E+11,1,0,0,94.34,100
N01EYEE/S,N01,EYE,E/S,E/S SG MATTE SOPHIA,2005N,6.07845E+11,4,12.5,25,353.77,375
N01EYEE/S,N01,EYE,E/S,E/S SG MATTE PERSIA,2079,6.07845E+11,14,0,0,"1,320.75","1,400.00"
N01EYEE/S,N01,EYE,E/S,E/S SG MATTE NEW YORK,2019N,6.07845E+11,4,0,0,377.36,400
N01EYEE/S,N01,EYE,E/S,E/S SG MATTE COCONUT GROVE,2073,6.07845E+11,2,0,0,188.68,200
N01EYEE/S,N01,EYE,E/S,E/S SG MATTE BLONDIE,2035N,6.07845E+11,1,25,25,70.75,75
N01EYEE/S,N01,EYE,E/S,E/S SG MATTE BALI,2004N,6.07845E+11,5,0,0,471.7,500
N01EYEE/S,N01,EYE,E/S,E/S SG MATTE ABYSSINIA,2059,6.07845E+11,1,0,0,94.34,100
N01LIPL/T,N01,LIP,L/T,PURE SHEER L/TREAT BIANCA,3412,6.07845E+11,2,0,0,175.47,186
N01LIPL/L,N01,LIP,L/L,L/LINER ROSEBUD,9008,6.07845E+11,2,0,0,150.94,160
N01LIPL/L,N01,LIP,L/L,L/LINER MARNIE,9017,6.07845E+11,2,0,0,150.94,160
N01LIPL/P,N01,LIP,L/P,L/P V/MATTE WALKYRIE,2463,6.07845E+11,260,0,0,"23,547.17","24,960.00"
N01LIPL/P,N01,LIP,L/P,L/P V/MATTE TRAIN BLEU,2471,6.07845E+11,2,0,0,181.13,192
N01LIPL/P,N01,LIP,L/P,L/P V/MATTE 2452,2452,6.07845E+11,13,0,0,"1,177.36","1,248.00"
N01LIPL/P,N01,LIP,L/P,L/P V/MATTE ROMAN HOLIDAY,2466,6.07845E+11,2,0,0,181.13,192
N01LIPL/P,N01,LIP,L/P,L/P V/MATTE RED SQUARE,2455,6.07845E+11,25,0,0,"2,264.15","2,400.00"
N01LIPL/P,N01,LIP,L/P,L/P V/MATTE POP LIFE,2469,6.07845E+11,32,0,0,"2,898.11","3,072.00"
N01LIPL/P,N01,LIP,L/P,L/P V/MATTE NEVER SAY NEVER,2472,6.07845E+11,9,0,0,815.09,864
N01LIPL/P,N01,LIP,L/P,L/P V/MATTE MYSTERIOUS RED,2477,6.07845E+11,48,0,0,"4,347.17","4,608.00"
N01LIPL/P,N01,LIP,L/P,L/P V/MATTE DRAGON GIRL,2457,6.07845E+11,112,0.42,24,"10,120.75","10,728.00"
N01LIPL/P,N01,LIP,L/P,L/P V/MATTE DOLCE VITA,2467,6.07845E+11,71,0,0,"6,430.19","6,816.00"
N01LIPL/P,N01,LIP,L/P,L/P V/MATTE DAMNED,2456,6.07845E+11,17,0,0,"1,539.62","1,632.00"
N01LIPL/P,N01,LIP,L/P,L/P V/MATTE CRUELLA,2454,6.07845E+11,54,2.78,24,"4,867.92","5,160.00"
N01LIPL/P,N01,LIP,L/P,L/P V/MATTE BOLERO,2470,6.07845E+11,4,0,0,362.26,384
N01LIPL/P,N01,LIP,L/P,L/P V/MATTE BETTINA,2461,6.07845E+11,3,0,0,271.7,288
N01LIPL/P,N01,LIP,L/P,L/P V/MATTE BELLE DE JOUR,2465,6.07845E+11,2,0,0,181.13,192
N01LIPL/P,N01,LIP,L/P,L/P V/MATTE BAHAMA,2459,6.07845E+11,12,0,0,"1,086.79","1,152.00"
N01LIPL/P,N01,LIP,L/P,L/P V/GLOSS HAPPY DAYS,9101,6.07845E+11,1,0,0,90.57,96
N01LIPL/P,N01,LIP,L/P,L/P SATIN YU,9211,6.07845E+11,10,0,0,905.66,960
N01LIPL/P,N01,LIP,L/P,L/P SATIN RIKUGIEN,9205,6.07845E+11,14,0,0,"1,267.92","1,344.00"
N01LIPL/P,N01,LIP,L/P,L/P SATIN PALAIS  ROYAL,9210,6.07845E+11,4,0,0,362.26,384
N01LIPL/P,N01,LIP,L/P,L/P SATIN MAJELLA,9207,6.07845E+11,1,0,0,90.57,96
N01LIPL/P,N01,LIP,L/P,L/P SATIN LUXEMBOURG,9208,6.07845E+11,3,0,0,271.7,288
N01LIPL/P,N01,LIP,L/P,L/P SATIN LODHI,9203,6.07845E+11,2,0,0,181.13,192
N01LIPL/P,N01,LIP,L/P,L/P SATIN HYDE PARK,9209,6.07845E+11,3,0,0,271.7,288
N01LIPL/P,N01,LIP,L/P,L/P SATIN HET LOO,9200,6.07845E+11,15,0,0,"1,358.49","1,440.00"
N01LIPL/P,N01,LIP,L/P,L/P SATIN GOLSHAN,9206,6.07845E+11,27,0,0,"2,445.28","2,592.00"
N01LIPL/P,N01,LIP,L/P,L/P SATIN FLORALIES,9201,6.07845E+11,1,0,0,90.57,96
N01LIPL/P,N01,LIP,L/P,L/P SATIN BISCAYNE PARK,9204,6.07845E+11,1,0,0,90.57,96
N01LIPL/G,N01,LIP,L/G,LTL L/G  NORMA,1326,6.07845E+11,1,0,0,90.57,96
N01LIPL/S,N01,LIP,L/S,L/S PUR MATT VOLGA,3501,6.07845E+11,1,0,0,91.51,97
N01LIPL/S,N01,LIP,L/S,L/S PUR MATT TONKIN,3503,6.07845E+11,2,0,0,183.02,194
N01LIPL/S,N01,LIP,L/S,L/S PUR MATT MONTEGO BAY,3512,6.07845E+11,6,0,0,549.06,582
N01LIPL/S,N01,LIP,L/S,L/S PUR MATT AMSTERDAM,3515,6.07845E+11,13,0,0,"1,189.62","1,261.00"
N01LIPL/S,N01,LIP,L/S,L/S S/MATTE TRANSEUROPE EXPRES,1012,6.07845E+11,15,0,0,"1,372.64","1,455.00"
N01LIPL/S,N01,LIP,L/S,L/S S/MATTE TRANS SIBERIAN,1007,6.07845E+11,9,0,0,823.58,873
N01LIPL/S,N01,LIP,L/S,L/S S/MATTE SHANGHAI EXPRESS,1006,6.07845E+11,4,0,0,366.04,388
N01LIPL/S,N01,LIP,L/S,L/S S/MATTE SCHIAP,1041,6.07845E+11,1,0,0,91.51,97
N01LIPL/S,N01,LIP,L/S,L/S S/MATTE SCARLET EMPRESS,1008,6.07845E+11,6,0,0,549.06,582
N01LIPL/S,N01,LIP,L/S,L/S S/MATTE RED LIZARD,1005,6.07845E+11,13,0,0,"1,189.62","1,261.00"
N01LIPL/S,N01,LIP,L/S,L/S S/MATTE PIGALLE,1017,6.07845E+11,59,1.04,24.25,"5,376.18","5,698.75"
N01LIPL/S,N01,LIP,L/S,L/S S/MATTE MOROCCO,1003,6.07845E+11,8,0,0,732.08,776
N01LIPL/S,N01,LIP,L/S,L/S S/MATTE JUNGLE RED,1011,6.07845E+11,14,0,0,"1,281.13","1,358.00"
N01LIPL/S,N01,LIP,L/S,L/S S/MATTE HEAT WAVE,1010,6.07845E+11,9,0,0,823.58,873
N01LIPL/S,N01,LIP,L/S,L/S S/MATTE FUNNY FACE,1009,6.07845E+11,10,0,0,915.09,970
N01LIPL/S,N01,LIP,L/S,L/S S/MATTE FIRE DOWN BELOW,1022,6.07845E+11,58,0.81,24.25,"5,284.67","5,601.75"
N01LIPL/S,N01,LIP,L/S,L/S SHEER TANGANYKA,1025,6.07845E+11,1,0,0,91.51,97
N01LIPL/S,N01,LIP,L/S,L/S SHEER SHRINAGAR,1084,6.07845E+11,1,0,0,91.51,97
N01LIPL/S,N01,LIP,L/S,L/S SHEER ROMAN HOLIDAY,1029,6.07845E+11,5,0,0,457.55,485
N01LIPL/S,N01,LIP,L/S,L/S SHEER NIAGARA,1020,6.07845E+11,24,8.33,24.25,"2,173.35","2,303.75"
N01LIPL/S,N01,LIP,L/S,L/S SHEER MAYFLOWER,1094,6.07845E+11,2,0,0,183.02,194
N01LIPL/S,N01,LIP,L/S,L/S SHEER MANHUNT,1078,6.07845E+11,3,0,0,274.53,291
N01LIPL/S,N01,LIP,L/S,L/S SHEER GIPSY,1026,6.07845E+11,4,0,0,366.04,388
N01LIPL/S,N01,LIP,L/S,L/S SHEER FLAIR,1051,6.07845E+11,1,0,0,91.51,97
N01LIPL/S,N01,LIP,L/S,L/S SHEER FAST RIDE,1087,6.07845E+11,1,0,0,91.51,97
N01LIPL/S,N01,LIP,L/S,L/S SHEER FALBALA,1086,6.07845E+11,2,0,0,183.02,194
N01LIPL/S,N01,LIP,L/S,L/S SHEER DOLCE VITA,1028,6.07845E+11,23,0,0,"2,104.72","2,231.00"
N01LIPL/S,N01,LIP,L/S,L/S SHEER DAMAGE,1052,6.07845E+11,2,0,0,183.02,194
N01LIPL/S,N01,LIP,L/S,L/S SHEER BARBARELLA,1036,6.07845E+11,7,25,24.25,617.69,654.75
N01LIPL/S,N01,LIP,L/S,L/S SATIN TOLEDE,9302,6.07845E+11,21,0,0,"1,921.70","2,037.00"
N01LIPL/S,N01,LIP,L/S,L/S SATIN HONOLULU HONEY,1001,6.07845E+11,1,0,0,91.51,97
N01LIPL/S,N01,LIP,L/S,L/S SATIN DRESSED TO KILL,9301,6.07845E+11,13,0,0,"1,189.62","1,261.00"
N01LIPL/S,N01,LIP,L/S,L/S SATIN CATFIGHT,1050,6.07845E+11,1,0,0,91.51,97
N01LIPL/S,N01,LIP,L/S,L/S SATIN CASABLANCA,1004,6.07845E+11,19,0,0,"1,738.68","1,843.00"
N01LIPL/S,N01,LIP,L/S,L/S SATIN BLONDE VENUS,1002,6.07845E+11,6,0,0,549.06,582
N01LIPL/S,N01,LIP,L/S,L/S SATIN AFGHAN RED,1060,6.07845E+11,19,0,0,"1,738.68","1,843.00"
N07PROPLT,N07,PRO,PLT,NARS PRO EMPTY LARGE PALETTE,8311,6.07846E+11,11,0,0,830.19,880
N07PROPLT,N07,PRO,PLT,NARS PRO EMPTY SMALL PALETTE,8312,6.07846E+11,9,0,0,509.43,540
N01LIPL/H,N01,LIP,L/H,VLG SUCK LE,2722,6.07845E+11,1,0,0,91.51,97
N01LIPL/H,N01,LIP,L/H,VLG DISRUPTOR LE,2725,6.07845E+11,4,0,0,366.04,388
N01CHKBLS,N01,CHK,BLS,BLUSH THREESOME LE,4059,6.07845E+11,1,0,0,119.81,127
N01CHKBLS,N01,CHK,BLS,BLUSH PEEP SHOW LE,4061,6.07845E+11,3,0,0,359.43,381
N01COMPRI,N01,COM,PRI,RADIANCE PRIMER SPF35,2231,6.07845E+11,182,0,0,"26,613.21","28,210.00"
N01COMPRI,N01,COM,PRI,SMOOTH & PROTECT PRIMER SPF50,2227,6.07845E+11,64,0,0,"9,358.49","9,920.00"
N01COMPRI,N01,COM,PRI,PORE & SHINE CONTROL PRIMER,2229,6.07845E+11,59,0.93,38.75,"8,590.80","9,106.25"
N01EYEBRO,N01,EYE,BRO,BROW CREAM EL DJOUF,1171,6.07845E+11,10,0,0,849.06,900
N01CHKBLS,N01,CHK,BLS,DUAL INT BLUSH LIBERTN LE SU16,5509,6.07845E+11,0,0,0,0,0
N01EYEE/S,N01,EYE,E/S,E/S INTENSITY T 1942 LE SU16,1942,6.07845E+11,1,0,0,105.66,112
N01COMCON,N01,COM,CON,SMCC CHANTILLY,1275,6.07845E+11,4,0,0,433.96,460
N01COMCON,N01,COM,CON,SMCC VANILLAY,1276,6.07845E+11,36,2.94,57.5,"3,851.42","4,082.50"
N01COMCON,N01,COM,CON,SMCC CRÈME BRULEE,1277,6.07845E+11,53,0,0,"5,750.00","6,095.00"
N01COMCON,N01,COM,CON,SMCC CANNELLE,1278,6.07845E+11,42,1.32,28.75,"4,529.48","4,801.25"
N01COMCON,N01,COM,CON,SMCC HONEYANNELLE,1279,6.07845E+11,18,0,0,"1,952.83","2,070.00"
N01COMCON,N01,COM,CON,SMCC CUSTARD,1280,6.07845E+11,129,0.51,28.75,"13,968.16","14,806.25"
N01COMCON,N01,COM,CON,SMCC MACADAMIA,1281,6.07845E+11,21,0,0,"2,278.30","2,415.00"
N01COMCON,N01,COM,CON,SMCC GINGER,1282,6.07845E+11,34,0,0,"3,688.68","3,910.00"
N01COMCON,N01,COM,CON,SMCC BISCUIT,1283,6.07845E+11,28,4.17,28.75,"3,010.61","3,191.25"
N01COMCON,N01,COM,CON,SMCC CARAMEL,1284,6.07845E+11,20,0,0,"2,169.81","2,300.00"
N01COMCON,N01,COM,CON,SMCC CHESTNUT,1285,6.07845E+11,4,0,0,433.96,460
N01COMCON,N01,COM,CON,SMCC AMANDE,1286,6.07845E+11,6,0,0,650.94,690
N01COMCON,N01,COM,CON,SMCC CACAO,1289,6.07845E+11,1,0,0,108.49,115
N01EYEE/S,N01,EYE,E/S,E/S DUO THESSALONIQUE,3910,6.07845E+11,11,0,0,"1,349.06","1,430.00"
N01CHKBLS,N01,CHK,BLS,BLUSH BUMPY RIDE,4068,6.07845E+11,46,0,0,"5,511.32","5,842.00"
N01LIPL/S,N01,LIP,L/S,L/S BREAKING FREE LE,9407,6.07845E+11,2,0,0,183.02,194
N01EYEE/S,N01,EYE,E/S,E/S VELVET STK SIROS,8265,6.07845E+11,5,0,0,528.3,560
N01EYEE/S,N01,EYE,E/S,E/S VELVET STK  BELLE-ÎLE,8266,6.07845E+11,11,0,0,"1,162.26","1,232.00"
N01CHKH/L,N01,CHK,H/L,H/LIGHT BLS HOT SAND,4066,6.07845E+11,24,0,0,"2,875.47","3,048.00"
N01COMCON,N01,COM,CON,CONCEALER STICK CRÈME BRULEE,1293,6.07845E+11,2,12.5,27.5,181.6,192.5
N01COMCON,N01,COM,CON,CONCEALER STICK CANNELLE,1294,6.07845E+11,2,0,0,207.55,220
N01COMCON,N01,COM,CON,CONCEALER STICK MACADAMIA,1295,6.07845E+11,2,0,0,207.55,220
N01LIPL/H,N01,LIP,L/H,VLG STRIPPED,2710,6.07845E+11,3,0,0,274.53,291
N01LIPL/H,N01,LIP,L/H,VLG UNLACED,2711,6.07845E+11,1,0,0,91.51,97
N01LIPL/H,N01,LIP,L/H,VLG PLAYPEN,2712,6.07845E+11,90,0.74,24.25,"8,212.97","8,705.75"
N01LIPL/H,N01,LIP,L/H,VLG BOUND,2713,6.07845E+11,23,0,0,"2,104.72","2,231.00"
N01LIPL/H,N01,LIP,L/H,VLG DANCETERIA,2714,6.07845E+11,10,0,0,915.09,970
N01LIPL/H,N01,LIP,L/H,VLG LA MAIN BLEU,2715,6.07845E+11,8,0,0,732.08,776
N01LIPL/H,N01,LIP,L/H,VLG MINESHAFT,2716,6.07845E+11,22,0,0,"2,013.21","2,134.00"
N01LIPL/H,N01,LIP,L/H,VLG NO. 54,2717,6.07845E+11,32,0,0,"2,928.30","3,104.00"
N01LIPL/H,N01,LIP,L/H,VLG LE PALACE,2718,6.07845E+11,74,0,0,"6,771.70","7,178.00"
N01LIPL/H,N01,LIP,L/H,VLG UNSPEAKABLE,2719,6.07845E+11,11,0,0,"1,006.60","1,067.00"
N01LIPL/H,N01,LIP,L/H,VLG TOY,2720,6.07845E+11,1,0,0,91.51,97
N01LIPL/H,N01,LIP,L/H,VLG AREA,2721,6.07845E+11,1,0,0,91.51,97
N01LIPL/H,N01,LIP,L/H,VLG DEVIANT,2726,6.07845E+11,13,0,0,"1,189.62","1,261.00"
N01LIPL/P,N01,LIP,L/P,L/P V/MATTE GET OFF,2486,6.07845E+11,5,0,0,452.83,480
N01LIPL/P,N01,LIP,L/P,L/P V/MATTE INTRIGUING,2487,6.07845E+11,90,1.79,24,"8,128.30","8,616.00"
N01LIPL/P,N01,LIP,L/P,L/P V/MATTE DO ME BABY,2488,6.07845E+11,339,0,0,"30,701.89","32,544.00"
N01LIPL/P,N01,LIP,L/P,L/P V/MATTE FAMOUS RED,2489,6.07845E+11,24,0,0,"2,173.58","2,304.00"
N01LIPL/P,N01,LIP,L/P,L/P V/MATTE LETS GO CRAZY,2490,6.07845E+11,8,0,0,724.53,768
N01LIPL/P,N01,LIP,L/P,L/P V/MATTE PUSSY CONTROL,2491,6.07845E+11,3,0,0,271.7,288
N01LIPL/P,N01,LIP,L/P,L/P V/MATTE DIRTY MIND,2492,6.07845E+11,1,0,0,90.57,96
N01LIPL/P,N01,LIP,L/P,L/P V/MATTE ENDANGERED RED,2493,6.07845E+11,17,0,0,"1,539.62","1,632.00"
N01LIPL/P,N01,LIP,L/P,L/P V/MATTE LONELY HEART,2495,6.07845E+11,1,0,0,90.57,96
N04BODB/G,N04,BOD,B/G,TAHITI MONOI BODY GLOW II,2104,6.07845E+11,1,0,0,193.4,205
N04BODB/G,N04,BOD,B/G,TAHITI  MONOI BODY GLOW I,2103,6.07845E+11,4,0,0,773.58,820
N01CHKB/Z,N01,CHK,B/Z,LAGUNA LIQUID BRONZER,5115,6.07845E+11,1,0,0,165.09,175
N01EYEE/S,N01,EYE,E/S,E/S INTENSITY KARI,1941,6.07845E+11,7,0,0,739.62,784
N01EYEE/S,N01,EYE,E/S,E/S INTENSITY CRESSIDA,1940,6.07845E+11,1,0,0,105.66,112
N01EYEE/S,N01,EYE,E/S,E/S INTENSITY TARVOS,1939,6.07845E+11,5,0,0,528.3,560
N01CHKBLS,N01,CHK,BLS,BLUSH IMPASSIONED,4062,6.07845E+11,39,0,0,"4,672.64","4,953.00"
N01LIPL/S,N01,LIP,L/S,L/S SATIN BANNED RED,9401,6.07845E+11,122,2.27,24.25,"11,141.27","11,809.75"
N01LIPL/S,N01,LIP,L/S,L/S SATIN ROSECLIFF,9400,6.07845E+11,4,0,0,366.04,388
N01LIPL/G,N01,LIP,L/G,LIPGLOSS VIDA LOCA LE SP16,5611,6.07845E+11,1,0,0,90.57,96
N01COMVMS,N01,COM,VMS,VMST POLYNESIA,6524,6.07845E+11,1,0,0,165.09,175
N01COMVMS,N01,COM,VMS,VMST SEYCHELLES,6522,6.07845E+11,1,0,0,165.09,175
N01COMVMS,N01,COM,VMS,VMST MALAGA,6521,6.07845E+11,2,0,0,330.19,350
N01COMVMS,N01,COM,VMS,VMST CUBA,6520,6.07845E+11,3,0,0,495.28,525
N01COMVMS,N01,COM,VMS,VMST ANNAPURNA,6519,6.07845E+11,3,0,0,495.28,525
N01COMVMS,N01,COM,VMS,VMST CUZCO,6518,6.07845E+11,20,0,0,"3,301.89","3,500.00"
N01COMVMS,N01,COM,VMS,VMST ST MORITZ,6517,6.07845E+11,23,2.08,43.75,"3,755.90","3,981.25"
N01COMVMS,N01,COM,VMS,VMST GROENLAND,6516,6.07845E+11,15,0,0,"2,476.42","2,625.00"
N01COMVMS,N01,COM,VMS,VMST ALASKA,6515,6.07845E+11,21,0,0,"3,466.98","3,675.00"
N01COMVMS,N01,COM,VMS,VMST FINLAND,6514,6.07845E+11,26,0,0,"4,292.45","4,550.00"
N01COMVMS,N01,COM,VMS,VMST TERRE NEUVE,6513,6.07845E+11,8,0,0,"1,320.75","1,400.00"
N01EYEE/S,N01,EYE,E/S,E/S DUO RUE ALLENT SU17 LE,3908,6.07845E+11,1,0,0,122.64,130
N01M/UMPL,N01,M/U,MPL,MULTIPLE TINT JO SU17 LE,5406,6.07845E+11,3,0,0,433.02,459
N01COMHYD,N01,COM,HYD,HYDR GLOW FLUID MED SU17 LE,6999,6.07845E+11,1,0,0,136.79,145
N01CHKB/Z,N01,CHK,B/Z,SWDB SEASIDE,5166,6.07845E+11,13,0,0,"2,146.23","2,275.00"
N01CHKB/Z,N01,CHK,B/Z,SWDB LAGUNA,5167,6.07845E+11,39,0,0,"6,438.68","6,825.00"
N01CHKB/Z,N01,CHK,B/Z,SWDB CASINO,5168,6.07845E+11,3,0,0,495.28,525
N01CHKB/Z,N01,CHK,B/Z,SWDB FALAISES,5169,6.07845E+11,2,0,0,330.19,350
N01CHKBLS,N01,CHK,BLS,LIQUID BLUSH 5155,5155,6.07845E+11,7,0,0,838.68,889
N01LIPL/S,N01,LIP,L/S,L/S 9408,9408,6.07845E+11,35,0,0,"3,202.83","3,395.00"
N03BRSBRS,N03,BRS,BRS,#50 SMALL EYE SHADER,1878,6.07845E+11,7,0,0,825.47,875
N03BRSBRS,N03,BRS,BRS,#51 WET DRY EYE LINING BRUSH,1879,6.07845E+11,5,0,0,589.62,625
N03BRSBRS,N03,BRS,BRS,#52 EYEBROW BRUSH,1880,6.07845E+11,1,0,0,108.49,115
,,,,,,,,,,,
,,,,,,,,,,,
,,,,,,,,,,,1
